Date,AAPL,ABBN.SW,BLK,CFR.SW,GOOGL,GS,JPM,MSFT,NESN.SW,NOVN.SW,ROG.SW,UBSG.SW,^FCHI,^GSPC,^SSMI
2023-01-02 00:00:00+00:00,,,,,,,,,,,,,,,
2023-01-03 00:00:00+00:00,,,,,,,,,,,,,0.004446129661455744,,
2023-01-04 00:00:00+00:00,0.010314322400513332,0.03375075824780516,0.013847680901156734,0.023959175529478793,-0.011669729299423226,0.004274699639372548,0.009324919147876143,-0.043743318161344025,0.017260458004209944,-0.0009321030968864052,0.013614682876454953,0.023027131908758047,0.023028769486515444,0.007538970575044379,0.014722214043659143
2023-01-05 00:00:00+00:00,-0.010604685440021244,0.0006732413794219294,-0.028619057599789444,-0.0026851753804466583,-0.021344172458093058,-0.011331574694351532,-0.00022154923790251857,-0.029637652871929654,-0.002888052249446993,-0.009912491697692816,-0.023169863592021778,0.0005490442757780656,-0.002203250884899588,-0.011645528874622113,-0.00743966585189082
2023-01-06 00:00:00+00:00,0.03679409828855418,0.009418094612490213,0.0524215224053044,0.024615382191268687,0.013224969009801635,0.012566757339561807,0.01913568862389914,0.011785337666947449,0.005611767277617918,0.010247336964979814,0.009281539619634627,0.00384097918191717,0.014708303677068768,0.02284078102943865,0.00788164235826816
2023-01-09 00:00:00+00:00,0.004088823359978955,0.014328588135219977,0.0203115050906848,0.011636693740996407,0.007785682641988201,0.014134694532644598,-0.004132123278503874,0.009736284643468984,0.004680530869991539,-0.005363214872311173,-0.007493204301418088,0.013664868638257222,0.006764320778841704,-0.0007676325452631305,0.006104359013386684
2023-01-10 00:00:00+00:00,0.004456431772937197,-0.006570366751526224,0.005697567560586592,0.0014841165501564557,0.004544396035611964,0.012351262210568148,0.008953905089652325,0.0076171906945299295,-0.0021502534395365647,-0.020982254519488874,0.003946381429767554,0.0,-0.005533188847691495,0.006978233159061986,-0.004496731834875645
2023-01-11 00:00:00+00:00,0.021112337854900742,0.021825393933523785,-0.0017960330303138372,0.017414045123748556,0.03505998178839298,0.019924047470824657,0.007431533170705329,0.030238227979415555,0.014365356935133189,0.004549814734703839,-0.009400123922760462,0.018064106837537564,0.008014075064975534,0.012849424614881588,0.007512833286176912
2023-01-12 00:00:00+00:00,-0.0005994079072921821,0.008737895362193937,-0.002592890979496776,0.011289087043715451,-0.004261379186950021,0.014980216278776437,-0.0010028843218458094,0.011621367965540808,0.005310602232151185,0.0026221181197223498,-0.002932846861123606,0.011652559380219918,0.00743628277252939,0.0034159058663651987,0.003717811716899
2023-01-13 00:00:00+00:00,0.010119271167720045,-0.006737278407415448,3.979720565916445e-05,-0.005401553206133114,0.010863705821031688,0.010974751349562606,0.025234786063454306,0.003018743178268002,0.0033456687448500944,0.004517362620489518,0.009517123269699557,0.00445015999606424,0.006855220281568375,0.003996858363534361,0.00026309123287604486
2023-01-16 00:00:00+00:00,0.0,0.006782977213332764,0.0,0.006154946045956233,0.0,0.0,0.0,0.0,0.010705547823215422,0.020355074882631774,0.009941691232258965,0.015637374778238122,0.0028205394167792885,0.0,0.01286005627685527
2023-01-17 00:00:00+00:00,0.008756316618588667,0.013153703427089436,-0.005650044937657528,-0.014033773089823898,-0.0090099828727217,-0.06438500728426477,-0.01545338076765701,0.004681704280110388,-0.005035628686943627,-0.007074998302028734,-0.00033937285731022726,0.005388746852934556,0.004805992832155548,-0.0020304911890052235,-0.002973070044935966
2023-01-18 00:00:00+00:00,-0.00537007165118597,-0.005383184589891843,-0.0031611206396242597,0.006569300670467015,-0.0018621803872785891,-0.0023718834469403927,-0.030042626848335585,-0.018889161509942798,-0.01884813799859575,-0.010162352159224564,0.004753728436407201,0.002552330880614573,0.0008802938369634195,-0.015562598500411085,-0.0031021002877957837
2023-01-19 00:00:00+00:00,0.00044369478947392516,-0.023240970451905985,-0.02340230371135421,-0.020667055691267255,0.021180849303844118,0.004755229148050821,-0.013326343267358487,-0.016453873113105533,-0.0010672501283655045,-0.002714150534941173,-0.0049002340553288,-0.02494912295160656,-0.01856738327167362,-0.007638350296294338,-0.009470747637833177
2023-01-20 00:00:00+00:00,0.019220941941954228,0.01271182926650094,0.01622209060160107,0.007774886479633647,0.053412076565052535,-0.025402757718327895,0.002448790343083207,0.035743592618397324,-0.0024929108589536453,-0.0003550369917978413,-0.0005094865134968041,0.015665847591177284,0.006346510571079156,0.018918401045981525,0.003201874200127852
2023-01-23 00:00:00+00:00,0.023500269626876014,0.016092755803186032,0.008507346587340203,0.020205689866139354,0.018057586554496963,0.021354763474402016,0.016212676261496917,0.009824243395821775,0.010174965839975236,0.011245384842655914,0.003907606341059244,0.005141300837943286,0.005150062242685438,0.01188134498366522,0.009849473893533744
2023-01-24 00:00:00+00:00,0.01006318099339687,-0.0009503007614654058,0.005414260229003043,0.003600959817160465,-0.020944070865480335,-0.0023199246065861434,0.00859614755672844,-0.0022260232563823257,-0.00547803729027363,-0.004331225234745051,-0.00016925402932255196,0.00434793349638074,0.0026251291785615027,-0.0007115031258156934,1.7979421267355633e-06
2023-01-25 00:00:00+00:00,-0.004700765987115996,-0.004121781132850222,-0.0010902404509322006,-0.0025116954458742624,-0.025383778414813207,0.003732375864141435,0.004839369991361142,-0.005908058190539411,0.00124383369910408,0.0028216230657964747,-0.006093395386539191,-0.00585691724784887,-0.0009361203314574018,-0.0001817250594663422,-0.00013330432658587021
2023-01-26 00:00:00+00:00,0.014803300344581105,0.013371535594666417,0.01018302152994588,0.013669040608668581,0.024154592088192484,0.015273132766754127,0.0061816018163096675,0.03071353366138152,-0.025732053388427545,-0.030715102968389973,-0.01566757837353905,0.013831991184761083,0.007397961411814036,0.011007853469181317,-0.0076467973069107575
2023-01-27 00:00:00+00:00,0.013684255349561525,0.0031417526757862024,0.0003689946064571181,0.010645817800703838,0.018970525942803018,-0.0035778555339696094,0.0024289490474056485,0.0006452171391591044,-0.0023679366304588667,-0.0012095451787131895,0.0012111064092372725,-0.0015159424125683607,0.00017188954919800103,0.002494840970949097,0.0013024216292765178
2023-01-30 00:00:00+00:00,-0.02007809125831328,0.003131787492463678,-0.014910833071598573,0.0,-0.024454117751735005,0.010630580676088908,-0.008480665514452812,-0.021961658597089206,0.01497167898098195,0.007144631090585385,-0.003974454670232053,0.004554629682846034,-0.002141714194191957,-0.012968740984683369,0.004177425991714223
2023-01-31 00:00:00+00:00,0.0090210112205249,-0.008741740643492868,0.015176567629379134,-0.014044867358886881,0.019599778614700858,0.02335919343694437,0.005965810148776285,0.021012779815344107,0.002698399578177968,-0.008536661505746834,-0.010235938309404835,-0.020654918044385684,5.791523360931805e-05,0.014642470285510134,-0.008248009418548419
2023-02-01 00:00:00+00:00,0.007900659249350905,0.006929069228602591,0.004504665829654142,0.0010684066431998485,0.016086626510844138,-0.0002734203810726976,-0.0026437091805791013,0.01993461809033592,-0.004126391979397237,-0.027164762275388665,-0.0205084019294548,0.007458799317716425,-0.0007497520130582691,0.010452303944590291,-0.007518362388926447
2023-02-02 00:00:00+00:00,0.03706254534879072,-0.027838625657577,0.010621074384013163,0.011739481624688741,0.0727869605523459,0.010281470128177705,-0.004656488575819684,0.046884217463755595,-0.010808790045549022,-0.024432839581493893,-0.01986394227156074,0.013530818472232253,0.012598385212669427,0.014699373244309921,-0.0011168506520454757
2023-02-03 00:00:00+00:00,0.024400020383901655,0.025740086881277824,-0.01760664949540003,0.014064842702267821,-0.027473561094288446,0.0012991041930545677,0.015474313811543405,-0.0236206073967411,0.017847404244758502,0.016355785049914973,0.031038826519588447,0.014609578660724765,0.009442837304562746,-0.010354610691310495,0.01438717242349652
2023-02-06 00:00:00+00:00,-0.017928779947137707,-0.01411546163318389,-0.01952011886337568,-0.023578417488815062,-0.017942377411175547,0.0022976749333813995,0.005882707179531099,-0.006115679920801309,-0.0026838429142410636,-0.004903217736639709,0.00548972716329188,-0.01464754544447533,-0.013386874170146168,-0.006140463017754394,-0.005827595182319345
2023-02-07 00:00:00+00:00,0.01924480901874759,-0.010817624639324896,-0.002101562357265996,-0.007102177509450414,0.04606416503530486,0.009708593353004114,0.012189845182968062,0.042022010093847095,-0.01291714249276732,0.0018950689505405904,0.0021134459026006525,0.0012599201015348616,-0.0006655364132499564,0.01287251059802652,-0.0043763882580373226
2023-02-08 00:00:00+00:00,-0.017652740987263105,-0.012544255829642137,-0.014794424770553039,0.0003576264200377821,-0.07683010508719745,0.0018696876957322583,-0.007030861567662305,-0.003102007702781129,0.003089716660532371,0.012862688595428384,0.007908649576388926,0.001258131300254428,-0.0017553848815363704,-0.011080724476164705,0.003775204431562207
2023-02-09 00:00:00+00:00,-0.006911569884039737,0.015635176092156033,-0.019031031765984197,0.019306274759001152,-0.0438764686024673,-0.01895481079279515,-0.01556355667611553,-0.01165975979715661,-0.012502249830887435,-0.002863509765042016,-0.007497815249546624,0.009801418111227367,0.009625199534859963,-0.00882979617773516,-0.005192297749588626
2023-02-10 00:00:00+00:00,0.0024559765413760815,-0.008017926558935962,0.010531282210751725,-0.017888420294478347,-0.004631153535579413,0.008940382278775472,0.0044152535751100785,-0.001972560066614726,0.004403728828540565,-0.003995625167469652,-0.015636149970736812,-0.007217574852603215,-0.008156225332010214,0.0021952617756952897,-0.007779693767435036
2023-02-13 00:00:00+00:00,0.018806955167889994,0.010992561361818254,0.01852070953593654,0.016428666531833835,0.0004230536841456356,0.007379805909756287,0.010848066264246503,0.031242826394842993,0.013518410020588734,0.008148467529046188,-0.0033908663582356002,0.003259084392524869,0.011060708259257979,0.011448609342766147,0.007086848440166049
2023-02-14 00:00:00+00:00,-0.004225102353874188,-0.005116724148446994,-0.010530248222667904,0.0014053738386314851,0.000739848984146585,-0.005988907574733471,0.004418795530391595,0.003132839443518831,0.003064171915297509,0.0,-0.002865442841971433,0.0119938998902962,0.0007241658849928001,-0.0002804145319874607,0.002013527363307066
2023-02-15 00:00:00+00:00,0.013903480814114078,0.020572158654762474,-0.0068026052919213376,0.01508767223652252,0.023869874444675254,0.006885765292753199,0.004189905036774855,-0.007993033691532703,-0.005390907807524603,0.0034816631287175603,-0.004669518241693149,0.0029629128453962927,0.012067105174719428,0.002773175690496066,0.003628925539643779
2023-02-16 00:00:00+00:00,-0.010429441717945132,-0.007244124438036903,-0.015451840852735654,0.013480875668150594,-0.014751393224394782,-0.011059455136378737,-0.01376906247428189,-0.026622505834834165,-0.025293488918400775,-0.016604642491152788,-0.006495928951386731,0.004923798871964813,0.008944192080328817,-0.013788741489130674,-0.006898078819295939
2023-02-17 00:00:00+00:00,-0.007546538924350865,0.001269035291015852,0.004432132665716848,-0.01773537617959342,-0.012145327846896592,-0.004591986521088942,0.002961517835887051,-0.015601749018588795,0.012789528851815835,0.011718731958048734,0.014166537549412883,-0.005879470022950306,-0.0025033315886573426,-0.002767405825327751,0.00548283835741481
2023-02-20 00:00:00+00:00,0.0,-0.003485392184700231,0.0,-0.002430479340159608,0.0,0.0,0.0,0.0,0.002379278378010996,-0.005355570838242341,0.0030443116473108933,-0.0034500661658571907,-0.0016481781026493891,0.0,0.000923008238189027
2023-02-21 00:00:00+00:00,-0.02668001144414134,-0.008267152478129591,-0.028499320523755922,0.005569104522829882,-0.027132974067891946,-0.020027325306996024,-0.018349119332995323,-0.02088664872026913,0.0007303366019426605,0.010894051394202187,0.006605945610004049,0.0004946014585596181,-0.003675217390233576,-0.020041234255327334,0.0013740045141406032
2023-02-22 00:00:00+00:00,0.002896062221266593,0.0,-0.011987056061312562,-0.0017306794067476483,-0.0015252410097437163,-0.0006368476476845686,-0.007663234921877815,-0.004590863222828756,0.006750646430653484,0.0048308337936753265,-0.0007094411212982266,-0.012605053348896278,-0.0012847977183499948,-0.0015735561458868341,0.0016069513782301925
2023-02-23 00:00:00+00:00,0.0032905788049835127,0.0067329582552349,0.006444576170275829,0.0010401423483812344,-0.008292444419742973,0.007342952627356958,0.008011033007387702,0.012961707021934554,-0.015404154163409678,-0.007519588099352159,-0.007809743690858628,0.00926159730559939,0.002489349706640276,0.005329429416074394,-0.0046494416409562644
2023-02-24 00:00:00+00:00,-0.018005267710429762,-0.01019114465461135,-0.012156060464686647,-0.024939333496413307,-0.019364073906898427,0.0008527457070111044,0.009021087586948306,-0.02178438688744344,-0.0031291052910048522,0.00223573309606917,-0.01341680234508924,-0.004464360444631832,-0.017787686813985015,-0.010537551485558128,-0.005866103776310805
2023-02-27 00:00:00+00:00,0.008247602503296259,0.008687354256759816,-0.0005412676822378337,0.011722800262138566,0.008302505210625588,0.004617183588564222,0.008727950781596716,0.003771792286829445,0.002954249427237432,-0.0038418579186390023,-0.006164979963501294,0.012456444230138475,0.015065495641878313,0.0030730045671669703,0.003412711748650654
2023-02-28 00:00:00+00:00,-0.0034477588943383486,-0.002232886317259153,0.009325579766044312,-0.004564479539123756,0.0021141506908946006,-0.037972133297153654,0.008370897573764191,-0.0029581153480446876,-0.023564082770540673,-0.013685055350192932,-0.008210280366805822,0.0063976788077237945,-0.0037858187039589986,-0.0030360018281855305,-0.01083608199973396
2023-03-01 00:00:00+00:00,-0.014246040274337846,0.006074135607104569,-0.012865678004675751,0.006349165414555991,0.0033311572886274288,-0.008363180870371245,-0.005580841709739381,-0.012629330673701533,-0.0045248713634242765,-0.008577178257292872,-0.002575373799103886,-0.006846047383687548,-0.0046340808134730516,-0.004725264845680033,-0.0038086321604334783
2023-03-02 00:00:00+00:00,0.004129135962292363,0.0,0.007861173017533973,0.009463661767842524,0.018149527881709204,0.008289332783293801,-0.010382365808966676,0.01965324804497892,0.02026507852739945,0.01539443585416711,0.010328337084471784,-0.0059083198540023085,0.00690744926478204,0.0075821940867943916,0.009904052722687018
2023-03-03 00:00:00+00:00,0.0350900843121158,0.007944040626287396,0.013602343193707567,0.008333353394015752,0.017934816313928348,0.02288745826937233,0.018359446553845027,0.016645950252568875,-0.0016705986638211323,-0.005763725630957284,-0.00018257065255589122,0.024269378895869442,0.008772373769471598,0.0161477371607488,0.0021951179834371892
2023-03-06 00:00:00+00:00,0.018539306163910974,0.00567465249882515,-0.002680150762046196,0.02238294641748717,0.01580349106498047,-0.00011224163679357524,-0.005846952023064955,0.006189186242089084,-0.023800687166954604,-0.001638319429175028,-0.011502546765941313,0.0029014026344993393,0.0034144574870671462,0.0006871667698291617,-0.0038283735294517562
2023-03-07 00:00:00+00:00,-0.014496562733561591,-0.005329121534304648,-0.019945189988264223,-0.0006735760039663363,-0.01335005081170082,-0.030723841729022205,-0.02940770610521415,-0.010589077067554409,0.0017143471636527075,-0.0015146494328519555,-0.011821245558272908,-0.01591125637863533,-0.0046031432152428,-0.015326919115337678,-0.0074610259817443625
2023-03-08 00:00:00+00:00,0.008377401203991441,0.004727418153972707,-0.0004445641581304338,-0.009774284915864628,0.004155057952510033,0.009275305961643276,-0.00591528976013822,-0.0017706123307906774,0.0013309540096988481,-0.006321219639130127,-0.006542053195579545,-0.01077904487696113,-0.001977070453551333,0.0014147940136839399,-0.003508679639507739
2023-03-09 00:00:00+00:00,-0.014914751506821755,0.010351346909945214,-0.03422518985502099,-0.008509183645668883,-0.020477444574877768,-0.020613249320929228,-0.05413655851006682,-0.005439505019101398,0.003228338468192593,0.003805666829441501,-0.006208856095014648,-0.004952963065164129,-0.0012123104506680527,-0.01845935787384867,-0.0069304631250716175
2023-03-10 00:00:00+00:00,-0.013878625446229975,-0.038497414885594106,-0.024950770713482617,-0.014761260561974687,-0.018305931116711083,-0.04215249902744278,0.02539517354159937,-0.014782794129030274,-0.0018928891700195072,-0.011786521242384773,-0.0017039207026271486,-0.04529615392933106,-0.013014150377342992,-0.01447813845705137,-0.016767957392784028
2023-03-13 00:00:00+00:00,0.01326586535235208,-0.02970616245451263,-0.014582129100073504,-0.04320556236396078,0.005296330805649063,-0.03711058490694641,-0.017957242589205613,0.021440907062219905,0.012326998503356501,0.0013400456502019598,0.0022757094908645303,-0.07664245804405345,-0.028968215434044486,-0.001509761003189447,-0.01237405913444456
2023-03-14 00:00:00+00:00,0.014089198407274184,0.025291177149044053,0.019272469381377055,0.02039323022014128,0.03139062728620656,0.021045163266936173,0.025675954888722208,0.027055756464688274,0.0037466958343002066,0.001873687401604096,0.004541209536764512,0.03557326549779383,0.018550926936996337,0.016476655480623936,0.007963649854016985
2023-03-15 00:00:00+00:00,0.0026215256168435896,-0.04868548380908955,-0.009548088988030057,-0.04817989825254132,0.022773204840175865,-0.030917287498413937,-0.047244036570991965,0.01783052265118612,0.0007464817606379626,0.008148496255282245,-0.0003767026515905103,-0.08724106551305166,-0.03582683773721129,-0.00698088356543769,-0.0186922249576974
2023-03-16 00:00:00+00:00,0.01869402949066834,0.02661214159394376,0.008294556964061561,0.02362201374967232,0.043803965140176704,0.00928930580188947,0.019413671834190627,0.040536377750576724,0.023312170530033205,0.020140461416161548,0.021301441276901256,0.03405026769302344,0.020333452135004926,0.017562006217166637,0.01927458172196439
2023-03-17 00:00:00+00:00,-0.005453980662845526,-0.013958122370447246,-0.00042369598312475,-0.022710618735969024,0.012958554095767072,-0.036656181020474854,-0.037781935841726066,0.011694369349149802,-0.0036449543833837472,-0.009741503807426,0.0017221921644605676,-0.011554052247729651,-0.014279007622314044,-0.011019457310067593,-0.009846890926844765
2023-03-20 00:00:00+00:00,0.015483795433878678,0.014492716436647513,0.010758299342150002,0.023988062664632492,-0.003936210494800196,0.01973372844104837,0.010571431200993464,-0.025766474287895358,-0.0032923784974915327,0.006558186306478975,-0.0011460934980853654,0.012565685688731065,0.012669338321575685,0.008918403718310097,0.002835040519309606
2023-03-21 00:00:00+00:00,0.011943991770082096,0.018272388321464383,0.028886072073944558,0.028916524853970227,0.03655400066100767,0.025037883942252037,0.02682089533583798,0.005693513734181144,-0.009543088297429447,0.001954756741625152,0.004781041117792428,0.12121217423010022,0.014226155129694718,0.012982193897784988,0.013993373940404341
2023-03-22 00:00:00+00:00,-0.00910332218542298,0.008482935103389488,-0.020886386495131526,0.0028458568035709675,-0.014773103517351394,-0.011377879641060518,-0.02581393577818636,-0.005442246845347665,0.01593476692621576,-0.00897390385456831,-0.0066615597471173515,-0.037065633691695465,0.0025601280681859517,-0.01646322377571363,-0.0009543412801148454
2023-03-23 00:00:00+00:00,0.006969433529634195,-0.004852829753323795,0.005336951259979683,0.0063853144140488816,0.02157294538611998,0.003761957676579497,-0.0026734099872438577,0.0197216152209716,-0.00018242120030642628,-0.005249368861249493,-0.00996364642651082,-0.0433038983285593,0.0011400569165711527,0.0029845287333754023,-0.0059115727618420655
2023-03-24 00:00:00+00:00,0.008305706992415507,-0.0315344216114557,-0.01058644389059027,-0.01832915319307804,-0.0015150993896942966,-0.007241521782093141,-0.01521597532293395,0.010480498825435447,0.0,0.007387854132882232,0.00019351917448395817,-0.0354847630696028,-0.017389768161046315,0.005639807253104534,-0.007883536348425202
2023-03-27 00:00:00+00:00,-0.012293268807219482,0.016580314225953074,0.005334295695775593,0.01364438577010807,-0.02826253349751806,0.01906771389968931,0.0286606578393116,-0.014933939623261172,-0.0009120512624117838,0.07713467043695998,-0.00580494396871134,0.010718329950536454,0.009004849680777305,0.0016469543057482383,0.014310618254303353
2023-03-28 00:00:00+00:00,-0.003980440875096525,0.010873216634892824,-0.0032084018038295303,-0.008147297021688704,-0.013956740531420708,-0.00028246550375032875,0.003035326690707718,-0.0041609355390171965,0.006572955631202859,0.014832841501532412,0.00019467330052891363,0.016910264613907655,0.001422639174680329,-0.0015738434957162095,0.004903536766430738
2023-03-29 00:00:00+00:00,0.019790736787600238,0.011092439636485096,0.01699061833148008,0.02428565913707681,0.0035632702082857293,0.00715978227602454,0.0020172416944532756,0.01918390458860264,0.015780836104730467,-0.00563069970632224,0.007394413846215864,0.03720411487372921,0.013917277218583601,0.014237268879836451,0.01145843290838866
2023-03-30 00:00:00+00:00,0.009889816190685519,0.024601091243046103,0.0058123706336548064,0.008019682537659278,-0.004931443773816491,0.0013097012263945107,-0.0030199255227671973,0.01261979947904801,-0.011249970592510095,0.004216824307842648,0.006953785704418847,0.03396744830591625,0.010627520049655725,0.005715269388667954,0.006284634232310182
2023-03-31 00:00:00+00:00,0.015644325946963633,0.01784560070589225,0.012223256761418222,0.009339159316513523,0.028149545264680498,0.018589821304452192,0.012116416437450761,0.014962204762415166,0.006501656834990932,0.0049190118686393,0.0011510522046287441,0.013929096482398151,0.00812570729276052,0.014436542471763847,0.006710375681719727
2023-04-03 00:00:00+00:00,0.00770162882161185,0.00031869320271149526,-0.004050056861222506,-0.0030841768164897587,0.006073430623049658,-0.0018036462523546293,-0.0011510905639375846,-0.003711275809165193,0.00574204745209328,0.007402131242616017,-0.0024909877314758244,-0.028771444335996765,0.003218870311287647,0.0036988464765423945,-0.0011840542206441595
2023-04-04 00:00:00+00:00,-0.003249571175437449,-0.013065670832451803,-0.010954411344908488,-0.005156558421911095,0.0034495705241091024,-0.011852119859545707,-0.013368075175092642,-0.0001741605515169775,-0.007136508628679872,0.004977451752570916,0.0019208167091395723,0.0018681564747153878,-0.00013612924727568476,-0.005796972083329965,-0.0017677108250455653
2023-04-05 00:00:00+00:00,-0.01129033725700801,-0.029706133441292693,-0.004657879906221796,-0.010020620986015638,-0.0023872410925072085,-0.003471315679397957,0.001491068234513504,-0.009889418892743751,0.013836409204433187,0.016745258766903248,0.024923293607628905,-0.012786359723408247,-0.003902016675709996,-0.002492370531228194,0.0037856139262899546
2023-04-06 00:00:00+00:00,0.005495844496581581,-0.005989953272753756,0.000548870163983306,-0.024432811884716688,0.03780985367446421,0.0027057498522073953,-0.0010970624258260786,0.02553308915160013,0.007798757977703685,0.01020638086979031,0.026936079783267175,0.010793234170791921,0.0011549820999798843,0.0035791630944272956,0.010316310510210203
2023-04-10 00:00:00+00:00,-0.015972270672146904,0.0,0.005210390124634312,0.0,-0.018262275827162333,0.007940490642097453,0.003294926196549808,-0.007579038728272702,0.0,0.0,0.0,0.0,0.0,0.0009963029974375814,0.0
2023-04-11 00:00:00+00:00,-0.0075910810610979595,0.026447858768855248,0.014943390472317963,0.01359568205206041,-0.010240612023818096,0.007416148577493953,0.00492606503729176,-0.02266843269067942,-0.0026381291756489844,-0.0028701939881370375,-0.0030965032659002745,0.010678199967050439,0.008946351091334126,-4.1352477946232646e-05,0.003137067819449557
2023-04-12 00:00:00+00:00,-0.00435331579051057,0.01272015978670038,-0.005540044821153556,-0.019414011174447077,-0.006739421824383918,0.008766887847756921,-0.00015560469748632233,0.002333592342358415,-0.004231972162736186,-0.0011514399875979242,0.006395058266925213,0.034276292824149346,0.0009012048858254573,-0.004134884052006904,-0.002956829457715804
2023-04-13 00:00:00+00:00,0.03410371531600065,-0.006763224017891312,0.007147567351141637,0.04391641865000584,0.02666287370913234,0.005723274014128643,0.003813216693038468,0.02239930253251332,-0.011687634609253372,0.00414988536353289,0.004175614232842184,0.0028932497959748282,0.011341194789098452,0.01326268999363811,0.0024002835094167896
2023-04-14 00:00:00+00:00,-0.0021138913416934857,0.0217250154967199,0.030712798871414426,0.03206890634978721,0.013404043375457864,0.014421925793588697,0.0755096972593643,-0.012765436541813169,0.01218421433743666,0.0039030959844048585,0.001627281601891406,0.020980794997031538,0.005183887984522961,-0.0020693734728036706,0.007452751348428155
2023-04-17 00:00:00+00:00,0.00012082626923204387,0.005395134369541754,0.010168790455276522,-0.0223855421534519,-0.026637210659324118,0.008192050486407032,0.007929088707650855,0.009296103594219174,0.005487662845686803,0.007432770589066884,0.00342965079408053,-0.03801693778950321,-0.002849840336084819,0.00330615690296554,-0.0027418644833457906
2023-04-18 00:00:00+00:00,0.00750475032797393,0.005366121635081322,-0.00620022346998772,0.0167464251392071,-0.013871855808915368,-0.016986796249238822,0.011227994146882692,-0.0014888899937504085,0.003521102710129842,-0.004199681795747479,-0.005756390777287734,0.0034713664918042397,0.004727774766702941,0.0008552202959737354,0.004174478958481664
2023-04-19 00:00:00+00:00,0.006968277703081949,-0.008477238948707666,0.001743452557727343,0.005378270148836961,-0.0030622419709830373,0.00892474541313315,-0.0012731012971736178,0.00027734112315669357,0.002631578760790676,0.005813220630859206,-0.00416137466368971,-0.011176266230521703,0.0020985977330556516,-8.42619976980652e-05,0.0006373158077361829
2023-04-20 00:00:00+00:00,-0.0058463925182028476,-0.0015832398150567029,0.0016396475493221097,0.005349288375330774,0.010654669228135294,0.005402335135814118,-0.0029032515789298996,-0.008112387287809941,0.003849499681011448,-0.0010199055269319857,0.008720868793021808,-0.016684544925964162,-0.0014212948976386475,-0.00595254815297297,0.0021484647017628866
2023-04-21 00:00:00+00:00,-0.009780803074546762,0.001268612700230154,-0.0221718393023016,0.002660570072752444,0.001139724648626661,0.008709565452960089,-0.001917541117859245,-0.0012232488513829187,0.013595997637646962,0.008621718035055848,0.012427910027088318,-0.011767894818573765,0.0050791235185998485,0.0009031888869577287,0.006140167000814101
2023-04-24 00:00:00+00:00,0.0018785050726719543,0.003167544237728137,-0.009912495759296536,0.006633409728757034,0.005312587499808563,0.006731655660165314,0.0013520400684645661,-0.013962915688907729,0.011557141640938129,0.006748288056972251,-0.0010674465883722117,0.007754051606885026,-0.00041443008034180995,0.0008515791660903549,0.0005776424179553263
2023-04-25 00:00:00+00:00,-0.009435748929956578,0.035048888641895815,-0.021477652384409573,-0.008896154012687063,-0.02000571329919787,-0.013024727094207544,-0.021743734890878774,-0.022535816943912268,0.007500349872050283,0.04033076424145854,0.004096156776545845,-0.021709342040405755,-0.005578397377647759,-0.015810858882773227,0.004004458027494051
2023-04-26 00:00:00+00:00,-6.103825699532717e-05,-0.02623547713307728,-0.013703086756914673,-0.018616959420285628,-0.0013480426904733944,-0.008601404173365634,-0.017723544837885297,0.07243469585011297,-0.004155070912451042,-0.015678754956062302,-0.025718260885251865,0.008988805411603185,-0.008623615430201514,-0.003841187197329843,-0.012873135989977413
2023-04-27 00:00:00+00:00,0.028395227869252526,0.010338348386951912,0.01845782324765577,0.011178753408224829,0.03741199880441615,0.014975026948705894,0.013458589981499403,0.032027511742880765,-0.01164818795199174,-0.0033819414133369197,0.005643521366619275,-0.0011135498577664604,0.0023008530106489733,0.01956614972249704,-0.0002657748957952677
2023-04-28 00:00:00+00:00,0.007541111481353946,-0.004031048971633644,0.012856955266111525,-0.015410368672132746,-0.002323702705953501,0.005386420553234794,0.00868292427985895,0.007971859021599581,0.007211995132973659,-0.0024084177679989383,0.0150253112685923,0.006967636603212535,0.0010235596177805562,0.008253202753460531,0.006623018030310623
2023-05-01 00:00:00+00:00,-0.0005304823900329492,0.0,-0.012261659156138971,0.0,-0.0013042843800241677,-0.008356580329251906,0.0214119524572145,-0.005532931722185386,0.0,0.0,0.0,0.0,0.0,-0.0003861064902076494,0.0
2023-05-02 00:00:00+00:00,-0.006191339270792184,-0.005915238414008872,-0.01736127744357996,0.006464825823275566,-0.01753726452890869,-0.02114112710580307,-0.016147296382794663,-0.0004908358114292799,0.00034930237203689707,0.011960994306972506,0.0010701118850215963,-0.020204789247977972,-0.014456357830541333,-0.011586262936400304,-0.0012074321672190802
2023-05-03 00:00:00+00:00,-0.006467336288164871,0.00375816089806591,-0.013891930354415272,0.022650304928848453,0.0008545863393270015,-0.014158315861423354,-0.02116318887959856,-0.0033070087697205652,0.013617348063547752,0.003144580606958325,0.0016033953294740666,-0.026553757991268467,0.002794165438666729,-0.006998305064656485,0.007253607397826434
2023-05-04 00:00:00+00:00,-0.00991334866286886,-0.009984361506757633,-0.01673379372260264,-0.019834550431927833,-0.006830417815826273,-0.02248588191715295,-0.01367849500195839,0.0033179813631862842,-0.004478158302024249,0.0019457494254662144,0.003201770205683463,-0.02843870878405097,-0.008517221212310688,-0.007218732334382416,-0.004329870325408214
2023-05-05 00:00:00+00:00,0.04692697651823785,0.009769976920502632,0.020295815010687557,-0.002023666481907882,0.00840566231749107,0.017929227615217425,0.019534753479128808,0.017157155410302938,0.0074394293777559906,0.005610097923953727,0.006028411199700878,0.03942654178196059,0.012554562532921532,0.018474751389515376,0.008542855737583954
2023-05-08 00:00:00+00:00,-0.0004034094075641148,0.005617978552221237,-0.002079239966191304,0.01791147143789029,0.02083924384478486,-0.0015595048983574333,0.0024132517466350922,-0.0064380417013495395,-0.0006869673314430225,0.005364279315651199,0.0014099301656043117,0.004310346771767337,0.0010735982015210865,0.0004521286642489297,0.003549326030368727
2023-05-09 00:00:00+00:00,-0.009971149860819484,0.00962127437336635,-0.01177049911810879,-0.014940247276388874,-0.003897169899830688,-0.005328962852605201,-0.004814999575136869,-0.005345840910959909,0.0003437197899884836,-0.0026678286796217865,-0.0017600152328803853,-0.0014305409546663261,-0.005878344645548594,-0.004579421277258522,-0.004243975846790704
2023-05-10 00:00:00+00:00,0.010420837341359235,0.0021518404298461746,-0.010053848516992092,-0.011122344944684559,0.04098747604700659,-0.0068359007119805915,0.0005132318083835852,0.017296519814926636,-0.015804797973304918,-0.016263647956299754,-0.011988689234925243,-0.010315190112529349,-0.004862633539906902,0.004483965263404999,-0.00855787525231233
2023-05-11 00:00:00+00:00,0.0010947531683822564,0.01042949057364817,0.020407411269787623,0.01874570233764916,0.04313195219776822,-0.005673333495326949,-0.0031506114171608868,-0.0070445192497262665,0.005236516739411279,0.0069610401597282046,0.008029965106046477,-0.007238063426926344,0.0027956840321847753,-0.0016966239932159066,0.006616382715388003
2023-05-12 00:00:00+00:00,-0.005417594116624458,0.005464482166226858,0.004797400810169217,0.03512875623812439,0.008063801285492112,-0.0038038356841529897,-0.0143330383779402,-0.003675898766010821,-0.0017364356227212996,-0.0005400421983524639,0.00814300559997605,0.00524934623495299,0.00447999174487701,-0.0015833068345566526,0.0036241301659618586
2023-05-15 00:00:00+00:00,-0.002897356150276309,-0.000603943254493533,-0.0005426212178976098,0.0061408562140685685,-0.008509898253253989,0.008043775273288922,0.008426546392209522,0.001585780564428818,-0.0010436462408524028,-0.00043237552075747754,-0.0017558861699993322,0.0,0.00045312625838689335,0.0029581644391338813,0.0011690312443106698
2023-05-16 00:00:00+00:00,0.0,-0.005135855240829823,-0.01693658938334086,-0.006103376258047577,0.02574888019663013,-0.003912139443777218,-0.006729177808724285,0.007367638012246491,-0.00348254669920367,0.00010818579022098262,-0.006860236257891117,-0.004061428710803727,-0.0016446279327146929,-0.006377683373153031,-0.005042202648284477
2023-05-17 00:00:00+00:00,0.0036032790803552928,0.006073569366620735,0.026521356319871625,0.0009697482545345526,0.011128765049783551,0.029207157955453367,0.030747352591169674,0.00945163593168874,-0.010309271255314334,-0.015567587539970451,0.0038965652153108987,0.010486344684900395,-0.0008870936478161395,0.011890829058788244,-0.007125934833893899
2023-05-18 00:00:00+00:00,0.013666012990578347,0.0,0.028725399712870914,0.0,0.016468056379590923,-0.0018172716165389957,0.007584013196395789,0.014394873083097393,0.0,0.0,0.0,0.0,0.006412673889948817,0.009445048649426635,0.0
2023-05-19 00:00:00+00:00,0.0006283404162732431,0.02293985838592394,-0.0039294056421660395,-0.012270017307497216,-0.0005698698620724141,-0.010406974524155621,-0.002293940652436044,-0.0005650238347967296,0.004766991804946441,-0.006039991069802131,0.017113712570377748,0.03718652730876948,0.006052167198831393,-0.0014458676054706077,0.011661343339691044
2023-05-22 00:00:00+00:00,-0.005480717012107061,-0.005901523694737176,0.0070346566258132626,0.00588434120752046,0.018654254296787354,-0.0037713749835154298,-0.00826266839637213,0.0089211186924687,-0.007555841748399628,0.008065438937574276,-0.006418146659949331,0.005002781686219926,-0.0018419485367582311,0.0001550346964389604,-0.0015495151097978388
2023-05-23 00:00:00+00:00,-0.015154988145922088,-0.012466495325844429,-0.014685779974696667,-0.035099202504529914,-0.019912088439020592,-0.004154833337468022,-0.010432553995343707,-0.018431981666829245,-0.0047804263407495995,-0.004712792198013793,0.0005238087733974162,0.0016592928156962117,-0.013298751729646119,-0.011222026747550129,-0.005914369864759794
2023-05-24 00:00:00+00:00,0.0016321682065127963,-0.01472808328463604,-0.009871025487843132,-0.029302785150801536,-0.013544319374877323,-0.011620372098070209,-0.009151400507334762,-0.004472521145568287,-0.0017789964758520016,-0.002422739480867242,0.007852019856156689,-0.014080625053425999,-0.01697451189477117,-0.007318600335353365,-0.008860393971772407
2023-05-25 00:00:00+00:00,0.006692308510399592,0.012202605515886145,0.0084273650810891,0.017696004006436006,0.021339983525503037,0.012726323230777492,0.002438097976810827,0.038457985337006395,-0.008198192576096774,-0.02251904884925049,-0.004501326318039234,-0.010361211653418079,-0.003334952083077769,0.008757581265902425,-0.005084702867582336
2023-05-26 00:00:00+00:00,0.014104754510883888,0.015672134418081907,0.01783436599434718,0.020797840792855293,0.009151247145054997,0.025101909862486282,0.009360979744547082,0.02138566614979731,0.006828326641677984,0.004065623078454816,0.011130467505946484,0.013865388617076535,0.012436961962561943,0.01304908677799732,0.009622778726964265
2023-05-29 00:00:00+00:00,0.0,0.0,0.0,0.0,0.0,0.0,0.0,0.0,0.0,0.0,0.0,0.0,-0.0020999779781838424,0.0,0.0
2023-05-30 00:00:00+00:00,0.010659525066175624,-0.000296832248761425,0.0019040134597019254,0.004676082405821624,-0.007543514242930427,-0.0035541495610164064,0.003797311181984897,-0.005046834972865177,-0.033196494659819,-0.021257553601613965,-0.009631964617487054,-0.018699493739509965,-0.012878218058679947,1.660326849850513e-05,-0.013275043724039537
2023-05-31 00:00:00+00:00,-0.0002818588164510416,-0.01276341571015116,-0.023798268625319308,-0.03889623528854658,-0.006468791257886131,-0.01349263367534237,-0.012730942436044446,-0.008514091807105384,-0.004061211784625374,0.0016088476832429865,0.0010420488055078447,-0.0193402051086079,-0.015402726126079291,-0.006108624209833935,-0.005722209782217602
2023-06-01 00:00:00+00:00,0.016022308301678834,0.007817278018946938,0.01716976912781898,-0.014182057795831482,0.006917817436846496,-0.0231552546380992,0.013779390104322387,0.012759019064733979,0.00815561797227815,0.010325815045500342,0.005378185698549753,0.02407197556201468,0.005455925648800486,0.009854453563032717,0.006988001081907447
2023-06-02 00:00:00+00:00,0.0047754415123753,0.012529719197076572,0.019466646331138593,0.022807044120348063,0.007678577621542448,0.02291413871184189,0.02100603441891291,0.008479112716621717,0.00753818571843512,0.014876289853708924,0.010526283458802466,0.02407247436448401,0.01867055261390549,0.014534424705965554,0.013019271156304857
2023-06-05 00:00:00+00:00,-0.007571088331853493,-0.00029450383790008416,-0.007875644096713597,-0.005488863678083544,0.010748459100623498,-0.005685182621544049,-0.009824123539495688,0.0016101296233810292,-0.007481786621377551,0.011301312636004646,-0.004610582999829305,0.0027654518523470006,-0.00959740901050632,-0.0020035816359177394,-0.0024773873334932306
2023-06-06 00:00:00+00:00,-0.002060248786308172,0.002063052256951803,0.012461257505551382,-0.005174128704250269,0.010316597520926063,0.015506007886582296,0.0017972458332664587,-0.006727423111430153,0.0034933285383556,0.0015489440823885925,0.0024016855311068674,0.007446225492551584,0.0011234473940739953,0.0023538963079141606,0.0046666256022775965
2023-06-07 00:00:00+00:00,-0.007756258656902104,0.002941100682393616,-0.0024854476903262146,-0.0020805032370182497,-0.0377817891246548,0.027386875647776643,0.009688626096798325,-0.030867885968846376,-0.012275556009713973,-0.011268185509427764,-0.014718391859382174,0.0002738193567835001,-0.0008614178023997887,-0.0038120096998572883,-0.010477533629644542
2023-06-08 00:00:00+00:00,0.015465018022829513,0.004105649067090988,0.003465017510094315,-0.006254303268995232,-0.002938752523934496,-0.0008340235656861816,0.00028428907513355917,0.005813718057398498,-0.007605303357310245,0.009720723881906368,-0.013548766505192322,-0.000821125807943357,0.002687828352104793,0.0061886426142414575,-0.0034551973608629716
2023-06-09 00:00:00+00:00,0.0021598589929741063,0.007593421475945439,0.005612843417576174,-0.007692380585300529,0.0007369005255049021,0.001639466484390617,0.0019896831494330414,0.004703891471743216,0.0014954059262894948,0.0,-0.006515228223835212,-0.0030126956693709017,-0.0012475185016689316,0.001148059539441082,-0.004817485950726397
2023-06-12 00:00:00+00:00,0.015638659650633713,0.008985603328512948,-0.0029515706378191453,0.022198701217078787,0.011535564653794461,0.010326864461397856,-7.091097907607757e-05,0.015483844932624224,0.0,0.005200872517715949,-0.007266974648456048,0.008241653397556892,0.0051586355224240155,0.009321148810237156,0.004161038814090912
2023-06-13 00:00:00+00:00,-0.0026115994153773636,0.01350177582530776,0.009833320150535174,0.019993208464087475,0.0015367710660210143,0.008866143612656696,0.007234107115763999,0.00735275821049175,-0.004852591800515893,-0.009357212834320006,0.0008927341248017306,0.004359746327645686,0.005579000529136735,0.006932489951473775,0.0023023586992589884
2023-06-14 00:00:00+00:00,0.0034913340803652826,0.0036847896747305153,0.004875829497679618,-0.00608309703529164,-0.0012921112777103394,-0.011912429967136817,-0.003732000270468716,0.009123885253010888,-0.001125340588384538,-0.0036670847632117587,-0.020513777072230455,0.0029841949769155995,0.0051750125472505015,0.0008194255259321714,-0.004323171301556905
2023-06-15 00:00:00+00:00,0.011198719497523602,0.0016944370035394396,0.027063470324956818,-0.007480519435988597,0.011482076652807871,0.003900458242644733,0.01130816323993522,0.03189655424378879,0.013143099161137428,0.00791888672229435,0.003460256082103319,-0.012442597448473536,-0.0051333118659689925,0.01217813742034668,0.0021749974608145095
2023-06-16 00:00:00+00:00,-0.005859922948721508,0.000563930099892529,-0.011825238476558808,0.030832495294295992,-0.012470944428584874,-0.004208908463802841,0.0011880742067960082,-0.016575761258478705,0.0012972526011840735,0.0043155448619156545,0.015789493721662273,-0.0002738618824672523,0.013405698876972849,-0.0036716195284263176,0.007381309541356851
2023-06-19 00:00:00+00:00,0.0,-0.007044220686731384,0.0,-0.016284491658032474,0.0,0.0,0.0,0.0,-0.0005552034504261449,0.0009916793172652927,-0.013221361609895954,0.013972609750003473,-0.010096580382376263,0.0,-0.006992648931818057
2023-06-20 00:00:00+00:00,0.00048667219944853457,-0.01418849800082167,-0.016833191006626946,-0.00844593911207292,-0.003480951507959351,-0.02243515691767961,-0.005095533228537841,-0.012502459413157418,-0.005925946241097102,-0.00209144051148491,-0.001991729230712558,-0.023777333893025387,-0.002718040393949628,-0.0047351076976228645,-0.00802444360204213
2023-06-21 00:00:00+00:00,-0.005675274111780038,-0.0028785642014976798,-0.0027643478340223515,-0.007836394330918872,-0.020714864372773145,-0.017083892403774392,-0.0014733610387173135,-0.013282088894766786,0.0068926937211755135,-0.0015442524319304596,-0.006349695108766151,-0.00221426365062527,-0.004551540118593267,-0.005245281583003636,-0.003767840954169155
2023-06-22 00:00:00+00:00,0.016525343429241612,-0.005196306212804758,-0.014019463006670674,0.017857075219985807,0.02156784981519433,-0.016888831823699713,-0.019252547753077054,0.01843744119918611,0.0007400944954050193,-0.005081714436879992,0.003651550487194566,-0.010540957034037235,-0.007945278382985532,0.003710798414438443,0.0008743365783305812
2023-06-23 00:00:00+00:00,-0.0017112614091622236,-0.004642990316274798,0.0015749067761734459,-0.01383266434468966,-0.006577463783673854,-0.015238628389874331,-0.005229762725557308,-0.013806011641180782,0.005546239610949799,0.006995339809751089,0.006003334132020255,-0.006167504593009854,-0.005533571438303575,-0.007658808766684566,0.0033799861716328206
2023-06-26 00:00:00+00:00,-0.007553003929641755,0.002332324116424367,-0.000411432066218298,0.007526585410766673,-0.0326957697921928,-0.0074673000438560955,0.002448593237249108,-0.019163026345873302,-0.007170379262117499,-0.01951697521697071,-0.012658283140458915,-0.009309000227810116,0.002921813325131861,-0.004486838293256468,-0.007068691093334301
2023-06-27 00:00:00+00:00,0.015058999067454115,0.010762054532862164,0.006571902548730524,0.011884496853999948,-8.440647833296566e-05,0.0034896387399401263,7.183818897638083e-05,0.018168146993220002,-0.0009259017476304088,-0.0022492703679153347,-0.008608013531219316,0.0005695136239680654,0.00434694579805317,0.011455854954693034,6.731347200261695e-05
2023-06-28 00:00:00+00:00,0.006327836256794228,0.007194227675500375,0.0008471152263667125,0.0030201148170265757,0.015634226678318264,0.0006700193863784509,-0.004382156265866466,0.0038258426122963485,-0.008526424117541231,-0.00214155804090177,0.015148698502768898,0.010529279197537766,0.009803750402300526,-0.00035407668843834283,0.003670528341884527
2023-06-29 00:00:00+00:00,0.0017964919797726076,-0.01514276836354922,0.004363579478661839,0.006022042374648651,-0.008986513610996671,0.03006425137311397,0.034923070203341844,-0.0023820039254808245,-0.0005608820243533374,0.006777348771277669,-0.005641467487207286,0.007603495895239343,0.0036246221531774925,0.004473544672805918,-0.0011660017874677298
2023-06-30 00:00:00+00:00,0.02310247117000719,0.02059753047426649,0.004257490738361236,0.008646564535094603,0.005037786772202235,-0.001702189044667124,0.014013840161437141,0.01638562890066697,0.006359861897110353,0.009760983261490885,0.0010981180520532874,0.01145895801811192,0.011942199200332348,0.012269004495714109,0.009827686984825501
2023-07-03 00:00:00+00:00,-0.007784568532484437,-0.016202336563212016,0.003530298106561025,-0.009891271652547218,0.0016708661955655568,0.012618539293568931,0.008044639610844895,-0.0074882279956508535,0.002230454422326611,-0.016222193783019034,-0.00018279955012479032,0.010223895825973495,-0.0018053722774499237,0.0011706778016009611,-0.005420042235242173
2023-07-04 00:00:00+00:00,0.0,-0.006067555515753442,0.0,0.0009990296190245385,0.0,0.0,0.0,0.0,-0.008160156428625998,0.0031624559389062945,0.004754005965724728,-0.0032823843370342054,-0.002270299198266046,0.0,-0.00016138003431287462
2023-07-05 00:00:00+00:00,-0.00587140537010955,-0.004069843517884197,-0.0010812914041242738,-0.00931472589696336,0.015429508031497674,-0.020085110931063133,-0.00666178765354597,0.00047340270799467454,-0.0005609869068440299,0.001576149133179161,0.007461262123770185,-0.014270004206276887,-0.008021801533721229,-0.0019683184132291975,-0.0020878320708138665
2023-07-06 00:00:00+00:00,0.002508760595209214,-0.0166375387180846,-0.017608980629265858,-0.031228954839386924,-0.01347021807635207,-0.02202783139925535,-0.009886469739572523,0.009226756929931357,-0.00767068231659862,-0.014500830774318074,-0.02203750654504366,-0.036191517465952505,-0.03125782474168204,-0.007922511336500904,-0.018504656981930934
2023-07-07 00:00:00+00:00,-0.005891302506293661,-0.0035618888297257456,0.005098184897210922,-0.0031196732207841027,-0.005245166698377934,0.006933083770603421,0.007890319536126622,-0.011867490106738265,-0.013386085864055985,-0.03148166143633191,-0.020317641580479773,0.020508423742219506,0.0041780050784134826,-0.0028651005386203243,-0.01018313646291713
2023-07-10 00:00:00+00:00,-0.010855895988552855,0.0,0.01764373201178082,0.0020862906923933,-0.025360008106619758,0.004124586758784243,0.005611930859459102,-0.01598369377065012,0.008790304419245443,0.010246100389001978,0.00018846072649236767,0.0025473000995861472,0.004472805941313274,0.002405026057131332,0.004331936230019373
2023-07-11 00:00:00+00:00,-0.002810060327014474,0.00268102392054681,0.020153090960898234,0.023941736096797506,0.0059254026368167345,0.013934937917738477,0.01563890090942488,0.0019286704838947788,-0.0047356964188118855,-0.002448156682027691,-0.0015079409395689636,0.005928967608931801,0.010683529778691137,0.0067422110558885695,0.0037154405641275368
2023-07-12 00:00:00+00:00,0.008985589610932543,0.016339853781277114,0.022247199889553704,0.02541509245972895,0.015280836519030894,0.017202782070305345,0.004951811570027331,0.014226950225784796,-0.0036164076956916036,-0.006193733099737253,0.004153295223758402,0.013471798872827234,0.01565094835993186,0.007411233485312474,0.005148457663010975
2023-07-13 00:00:00+00:00,0.004057534804419616,-0.00584632111104233,0.019008206897114688,0.006939948961866449,0.04717062610543388,0.006985186630399598,0.004859953907563108,0.01619215488473924,0.003820490372255847,-0.005174050623587001,0.006204175064973061,0.0022153812181402444,0.005017044874938037,0.008470153458069118,0.0002386673552245977
2023-07-14 00:00:00+00:00,0.0007873037120789128,0.0026463386095239017,-0.015909540695794422,0.010502053445536674,0.007065974664853147,-0.007575705102008667,0.006045561235503927,0.007529301322667603,0.0009514499680776112,0.004255349397338293,0.013452939298460365,-0.0008289586652692194,0.0006431971696143624,-0.0010244071333035398,0.008032390055802807
2023-07-17 00:00:00+00:00,0.017305606092454795,-0.006158302317821884,-0.00021989975896774538,-0.1042546405914836,-0.0061393626041981175,0.0030965310399513335,0.024103761683639924,0.001419389282415029,-0.004372629439386322,-0.000470802202123477,-0.011061927715644182,0.0027654518523470006,-0.01123865113939182,0.0038553825145495324,-0.012060120411344633
2023-07-18 00:00:00+00:00,-0.001340374117249965,0.004130974669429577,0.015195045648981775,0.02646848883595765,-0.0071399956644372375,0.030776080102017822,0.0018254453537696058,0.03979975265408475,-0.003437037879392979,0.046396597847728316,0.004101299052818863,0.010204158934193464,0.003774177476944196,0.007117275205842377,0.011602340255181032
2023-07-19 00:00:00+00:00,0.007071796155206256,-0.017043712838846425,0.01132712525781776,-0.02225369985918546,-0.013978701352410527,0.0097252372503569,0.003839560511819773,-0.012267443081328544,0.003640585002214758,0.0010127893440461389,0.006869658712296056,0.0019109670202315243,0.0010601960108422848,0.002357910335732072,0.0014950701558966717
2023-07-20 00:00:00+00:00,-0.010097431285459257,0.03378178912652041,0.004790588417942221,-0.010838233125956664,-0.023191048339827325,0.030274528563001946,0.012317612646421061,-0.023121564342512224,-0.006681990606216548,0.022484555917485105,0.009773164495711972,0.001634878141700602,0.007911927122009832,-0.006756896218903741,0.0073199921946311974
2023-07-21 00:00:00+00:00,-0.006161639543530106,0.00925386784561022,0.0004395998608395235,0.015339759495977212,0.006879223159935721,0.003135197118455668,-0.007684773987818638,-0.008936978357962366,0.005765980977191054,0.0035184519215616383,0.0029219366620805154,0.005440734509299938,0.006480764460044863,0.0003240945218980773,0.0005204706693855421
2023-07-24 00:00:00+00:00,0.00422009394575773,0.0057306229010700704,0.007148437709840749,-0.005755296026328072,0.01258124631509605,0.019803233492296846,0.019683764533044323,0.003897962823706136,-0.002484290097884312,-0.005149496082215488,-0.004005827542115981,0.008116780391555611,-0.0007345795609379202,0.004034153877153557,-0.0026500569823681985
2023-07-25 00:00:00+00:00,0.004513415313725622,0.0014245202297735737,-0.013957629817324957,0.0010854144806833332,0.005595338503850966,-0.011784970645268511,-0.007468287792300465,0.017009178079745668,0.001915658797837283,-0.0003304141233272384,-0.0012798292724252036,0.0080516393481469,-0.0015967911919239075,0.002814673351556163,0.004806942965997374
2023-07-26 00:00:00+00:00,0.004545089321372098,-0.013086810565160256,-0.003833670850983961,-0.014817496725363144,0.05776943780871879,0.00806313941832193,0.005994094824038898,-0.03763758642373227,0.0061185681568456385,-0.011347384991774678,-0.007871035290615946,0.004526023827314596,-0.01353665232047585,-0.00015543889679858758,-0.004261294966230622
2023-07-27 00:00:00+00:00,-0.006580861611614308,0.01758430381610987,-0.01895950169190508,0.029346979165944198,0.0010055718240147282,-0.008529854313232943,-0.01102947705007229,-0.020872203013597712,0.026225804321923674,0.011254717038204909,0.005350560148677186,0.012987088627527177,0.020528910012460155,-0.006424666064487883,0.016958851130658426
2023-07-28 00:00:00+00:00,0.013507865970507238,-0.011331374137869776,0.012714804539404101,-0.0021383362014816276,0.02457499700629273,-0.0036106898253147612,0.005704553918833177,0.023131353314880254,-0.005925946241097102,-0.005509599024189016,-0.01119479683780411,0.00732597611062169,0.0015043026233823031,0.009877842794752345,-0.0048772269880725805
2023-07-31 00:00:00+00:00,0.0031659373064421015,-0.0011461692086266462,0.0006907959910091854,0.0021429184816477154,0.0010560380907504996,0.00747384396305284,0.006691669360619823,-0.0072406730668014285,-0.004470954315744291,0.009085771907931584,0.004454430220848016,0.0012986339219163145,0.0028502180440967972,0.0014687129405193122,-0.0007501704579870871
2023-08-01 00:00:00+00:00,-0.004275810117288281,0.0,-0.008919274650319498,0.0,-0.008815582955894241,0.005198442111121748,-0.004938039613916034,0.0012503742317242494,0.0,0.0,0.0,0.0,-0.012230248107952257,-0.002665087639215691,0.0
2023-08-02 00:00:00+00:00,-0.015490028172181036,-0.002868655200311543,-0.0202388563757534,-0.03563800079491297,-0.024097304570738998,-0.018506040496852116,-0.011324707397497136,-0.026282872943563018,0.00392970039655216,-0.003403943181341851,-0.0029564899953158363,-0.024643265043537088,-0.012589687579857456,-0.013839541336347905,-0.008537242052965466
2023-08-03 00:00:00+00:00,-0.007321685241220344,-0.014671984648723657,-0.010133222993833124,-0.0029564002583502003,0.0005452337916267425,0.005867237903352862,0.006113381797064665,-0.002564948092800279,-0.018080219848472412,-0.018730738819496717,-0.010563292757933773,0.007446881455319909,-0.0071531798468768,-0.0025479738404268204,-0.011194494245460485
2023-08-04 00:00:00+00:00,-0.04801997505768829,0.007883156477700215,0.0001550219934123298,0.0025945498684327717,-0.00264697987664142,0.0001699344731596053,-0.0021106721818480167,0.003428662410409178,-0.011389449086401382,0.00011225860180363867,-0.007117536870281604,0.015047420601273176,0.007511853910991961,-0.005300074155050516,0.0010192656354925944
2023-08-07 00:00:00+00:00,-0.01725366924961025,0.0011587864562869754,0.003195745563294272,-0.008872479341760275,0.026695809478084254,0.0066247070851619405,0.004743018173146707,0.00710837747007198,0.0019200727007833152,0.008757251096367824,-0.0007544495012886676,0.007542300290345194,0.0006411341954279948,0.00902409277936278,0.0008099539245765008
2023-08-08 00:00:00+00:00,0.005311566931565315,-0.012152780516252348,-0.021851018829603164,-0.024990646447712983,-0.0009884100518940953,-0.02053088360932631,-0.005613771515734389,-0.012298843021860129,-0.0030663195198238347,0.0014468092622192952,0.006041173053587645,-0.012390299708100683,-0.006870382688981103,-0.004218283044793103,-0.0045149269182857
2023-08-09 00:00:00+00:00,-0.008954289672163496,0.007615777832296056,-0.007016001473529432,0.0007651730180728844,-0.013241896919486629,-0.015993851486896915,-0.013407661151414119,-0.011716021680201472,0.002499094810687108,0.007668409692390243,-0.003190114277984546,0.009931979947730873,0.007231589464581134,-0.007038730380597102,0.0021903793937416705
2023-08-10 00:00:00+00:00,-0.0012346221668330104,-0.021802385468230656,0.007109122400427381,0.025229234847045756,0.00023146594271228338,-0.006682390517414483,-0.0014956582927881934,0.0021723985004435953,0.007094914362243188,-0.0009926636299044667,0.00489445429805313,0.004399723563752733,0.015238933074625205,0.00025071394456976925,0.006158891251524468
2023-08-11 00:00:00+00:00,0.00033757852130777977,0.004754868703901183,-0.002008736942757605,-0.02833701265099342,-0.001002551079682612,0.0009694890095319764,0.005795940187364845,-0.0059455697090236015,-0.009139406662273974,0.0022080496161085428,-0.006556732626376349,0.04715271204130045,-0.012568597037293738,-0.0010696923700230787,-0.006113133611593158
2023-08-14 00:00:00+00:00,0.00939310976993668,0.00532386959761455,-0.003852699486630029,-0.006523392672081796,0.013661601221553354,-0.008775413881826344,0.0020718286231296013,0.009438945269206078,0.0040353429314894385,0.0015421190045534772,-0.0011313373185063424,0.01870086020055961,0.0011784303148554276,0.005750475751703066,0.0025700613584083154
2023-08-15 00:00:00+00:00,-0.011200289884426562,-0.01294506241524851,-0.02902169725252335,-0.023947526177572342,-0.011802227059012793,-0.0163735089767304,-0.025457080289224443,-0.006727635956667255,-0.014354069510438161,-0.007589036203150323,-0.00981692871324591,-0.005797198433075912,-0.011041150734358074,-0.011550909428841738,-0.01124116872362435
2023-08-16 00:00:00+00:00,-0.004959137118092927,-0.0041728386665254025,-0.0008619972245151875,-0.0007913918613714488,-0.00832176877307067,-0.009331412481173418,-0.0042432115137376325,-0.002428389691496724,0.011844672505371134,-0.0015516116368465838,-0.006291708085396586,0.010690027157189919,-0.0010251104355274432,-0.007555395210577687,0.0006453984468655083
2023-08-17 00:00:00+00:00,-0.014555216029490725,-0.027237340480916417,0.0026181438220416187,-0.014653468435791184,0.00947935794809629,-0.004831286398457868,-0.010386908435798925,-0.010986262853085016,-0.008827416290451917,-0.0025529846056057126,-0.010168816179218831,-0.00048070655562626463,-0.009436281894562915,-0.007712913029036983,-0.009772279536696682
2023-08-18 00:00:00+00:00,0.002816166718480062,0.0021538266155796126,-0.005563796935678433,-0.014067525413939297,-0.018934747732535118,-0.007907900679293034,0.0022876488668652772,-0.001262448130565752,0.005421083797336301,-0.005230297224692038,-0.011242502826428247,-0.006734072193134599,-0.0038419589964724388,-0.00014870682600087726,-0.004210431121052127
2023-08-21 00:00:00+00:00,0.007736729353962524,-0.003684372929124269,0.00199918907299379,0.004484283329162286,0.007139500698792656,-0.008832632961701559,0.003423429914611864,0.017062795615144344,0.002888504105592604,0.006823895707043448,-0.0029405949841652124,-0.0024212769078802987,0.004738927230374834,0.006879188518795987,0.0008561880647761644
2023-08-22 00:00:00+00:00,0.007904890467930636,0.008936847851116259,-0.008561776146057132,0.0,0.00553093179804387,-0.010153311907334484,-0.02073856323040213,0.0018018327819322444,0.0,0.007111182549399686,-0.0049154668068663865,0.021359200367954356,0.005948800631029316,-0.002777466728829614,0.0025201868805531102
2023-08-23 00:00:00+00:00,0.02194895520972473,0.004581493061039721,0.019419085596610985,0.002435070696601427,0.025487966333321177,0.011104411621906563,0.006763077779910143,0.014079324553989636,0.005376324568823199,-0.0029787922999610084,0.03754194644043851,0.013307928412883197,0.0007927537078229463,0.011044879965972587,0.009007249546903351
2023-08-24 00:00:00+00:00,-0.026170482113900273,-0.002736335547926516,-0.008264891965875876,0.0040485925519166965,-0.019566255414527056,-0.007352669966913861,-0.0009499453047231432,-0.021498580153821556,0.009358254979274117,-0.005643490133712348,-0.009141113292096659,0.029549825107251015,-0.004437952553042357,-0.013457974663146133,0.00029073578044402915
2023-08-25 00:00:00+00:00,0.012643222304354662,0.003353678985847486,0.004159344531138753,-0.008064535087144664,0.0007704861264172802,0.0005937327398246595,-0.0012223668657016518,0.009407242263922644,0.005108769563779925,-0.001558000427934303,-0.0036516683025807906,-0.014578652938332382,0.002098582125443338,0.006717966037625089,-0.0018156141033572881
2023-08-28 00:00:00+00:00,0.008846112926788274,0.013369759348117904,0.0044973277964577285,0.01341469796384942,0.008700249482056499,0.018179090470663795,0.0034681287805562455,0.0022293173412959444,0.0030120586896913437,0.008247889107141138,-0.0001929458695788533,0.016181206875672594,0.013155618844268302,0.006264619755036449,0.00692343384493177
2023-08-29 00:00:00+00:00,0.021810203294579722,0.008395842814933774,0.017717379423970447,0.01604489960300315,0.027173631933912645,0.02018584934111134,0.008132237871424142,0.014550370968635207,0.003753803759111607,0.0012160105657190723,0.007331640944477913,0.004094633432561556,0.00665148724025566,0.01450830719454621,0.006660207446820721
2023-08-30 00:00:00+00:00,0.019172253826033492,0.0002973343076204671,0.006917185933132952,-0.001579221041616563,0.009734698767680738,-0.0036991781368446164,-0.004033319025981474,0.001157177143130017,-0.005983565742370134,-0.00706642807581348,0.0028730081571539667,0.004077935780379294,-0.0012247045435055393,0.003833182103508026,-0.0014424780550770233
2023-08-31 00:00:00+00:00,0.0011724348910411297,0.0014862296310433898,0.006797715451440922,-0.006721947183410126,0.002134292825110684,-0.0026478541930863297,-0.012351424394623556,-0.0031326433519349717,0.000752485086443544,-0.0068941869085307195,-0.005729555255322705,0.06046931312049497,-0.006477066382023833,-0.0015969365120942491,0.0032217998949488624
2023-09-01 00:00:00+00:00,0.008463401887054633,-0.01127916052320399,0.008065117146490275,-0.007961864643596606,-0.0037453402299147953,-0.0009458831405158019,0.0033484916944865883,0.0027458657230292616,-0.00883460729949559,0.0004479644830563956,-0.003265363984753855,-0.0034042290990327073,-0.0027239295378015393,0.0017991292600010311,-0.004565884602728332
2023-09-04 00:00:00+00:00,0.0,0.00030007380857144383,0.0,0.008025764695765547,0.0,0.0,0.0,0.0,-0.003982538262350621,-0.003581550332495076,-0.006937826679715764,0.012382556599199068,-0.0023654649742350653,0.0,-0.0019467498060569133
2023-09-05 00:00:00+00:00,0.0012666313668827645,-0.009003487034027424,-0.014528477614371038,-0.017117905485953155,0.0008108333011975777,-0.011148426738294304,-0.011033844612869936,0.014878527558921828,-0.01237628922960532,-0.013927853342549756,-0.014554665932758226,-0.0016869974994602188,-0.003405387392748649,-0.004194177587506065,-0.008566398289017396
2023-09-06 00:00:00+00:00,-0.03579328000921023,0.013930874513639946,-0.0025147047484747054,-0.05224777530779434,-0.009648658803753318,-0.008092679491400356,-0.0016528612090849215,-0.002008694788086407,0.004434168199358268,-0.006606711346309857,-0.005907828166497708,-0.02281378056094241,-0.008357368623216566,-0.006971599351452862,-0.003146343841166521
2023-09-07 00:00:00+00:00,-0.02924947445377024,-0.003882896692571247,0.00272786908117717,-0.008119643040875424,0.00594957683011943,0.0025845844012108987,-0.008554192785659054,-0.008922142951025891,0.00959690547558778,0.016282610017732235,0.016838345386522624,-0.00864667037194633,0.0002794313040164198,-0.0032112659361860363,0.006317018763331683
2023-09-08 00:00:00+00:00,0.003491738033876368,-0.014392806679031978,-0.0006367218093661364,0.008186111342872504,0.008280460860460082,0.011057265350018941,0.0007653489756982434,0.013215810584782828,0.00019012409060170654,-0.00575428421401214,0.00019492485764383005,-0.0074139283004234224,0.006207518137435253,0.0014266227216406246,-0.004078785695148857
2023-09-11 00:00:00+00:00,0.006622536507486787,0.003954955255911274,0.007688856994747084,0.0,0.003959409685563298,-0.0026726487862634984,0.004380238874570841,0.010979091142222064,0.008363420609831085,0.0021561396569607094,-0.01090778340887466,0.005272410156958562,0.005179007191064899,0.006723453106275201,0.002157366156243734
2023-09-12 00:00:00+00:00,-0.017060559007406217,-0.001818182247253941,0.0020258780236490637,-0.0021367906969979034,-0.011539461853749877,0.019251482352550253,0.013014009128207382,-0.018257742297007495,-0.009048025104158253,0.015400330177994359,0.002953914083248854,0.0030594705436024494,-0.0034884851277316997,-0.005695885604828921,0.00135979186764712
2023-09-13 00:00:00+00:00,-0.01185479994867411,-0.02276867569261165,-0.00015772450134776683,-0.003426132173312446,0.010122704864318877,0.012330132666128257,0.0004782618328129651,0.012930699336310969,-0.007989318804029755,0.001672796559286871,0.007657656701881788,0.012636142481156298,-0.0041790377179108384,0.0012416323054647016,-0.0009784174861550143
2023-09-14 00:00:00+00:00,0.008782539016535251,0.009940937541902617,0.013740087915876664,0.016759781832280884,0.010167503664698652,0.02862861213642276,0.01939759216167425,0.007855829104060907,0.006327855767606971,0.01569806524588868,0.01149642762209524,0.0094663851555572,0.011920978232365265,0.00842991886716793,0.011109348527417628
2023-09-15 00:00:00+00:00,-0.004153975394334819,0.008305139202004597,-0.013299139594556864,0.02874049067301443,-0.00506891376732399,-0.0058914043522276804,-0.002948070741465525,-0.025036953615054425,0.0043826277003025105,0.0112901695992782,0.006935093085804089,-0.002557546040428682,0.009598176288381888,-0.012159612938677844,0.008956257457315209
2023-09-18 00:00:00+00:00,0.016913411134440226,0.007626583902401007,-0.003613206812152381,-0.015201317766904254,0.005895303751646042,0.002277022442306764,0.002083193639390135,-0.0035128380412948745,0.002845760285701493,-0.002601392521297541,-0.013009344830578362,0.00042737859203034745,-0.01391546208554717,0.0007212876971294246,-0.009565284505730354
2023-09-19 00:00:00+00:00,0.006180766167849905,-0.011807392310800968,-0.008533817537918376,-0.017939165260205003,-0.0012301670835842549,-0.004165102884462257,-0.0012742099091166414,-0.001246086591058071,-0.0011350590632338564,-0.00021738593728104494,-0.0034891163338809372,-0.00042719601759777515,0.0008218616404283008,-0.002151010615372817,-0.0019755591040950815
2023-09-20 00:00:00+00:00,-0.019992060491007657,0.007352942930827,-0.007954070085878229,-0.009854263410226105,-0.031150313660658346,-0.015180393053200847,-0.004230029574699645,-0.02397686587201575,0.010606022402924742,0.009673916467700883,-0.0036957071299549282,0.014529949789513719,0.006683482432558119,-0.0093947947580596,0.007716367300848015
2023-09-21 00:00:00+00:00,-0.008889510749616192,-0.00790756418956129,-0.021434437742019807,-0.003029054232286499,-0.024674673329417862,-0.019186401719622492,-0.00782209939943479,-0.0038656406856837355,0.011244379913769365,-0.001937699760660383,-0.019718892809616806,-0.018955275850261688,-0.015945094061607934,-0.01640093410321941,-0.006219242503529898
2023-09-22 00:00:00+00:00,0.004944515942435279,-0.011036176980629087,-0.01305267831771717,0.016059088669281074,-0.0014567158270145653,-0.0071157873186904474,-0.009582650022183947,-0.007886568133318783,-0.009451432664108084,-0.008305492201540088,-0.006572397752520609,-0.00815803901759471,-0.004031117497978021,-0.002295598477193961,-0.006313225864597483
2023-09-25 00:00:00+00:00,0.0073802819916855,0.006509671476559786,-0.0038629517943750136,-0.02392142725196389,0.006602717399537994,0.0028972983063884072,0.004940658210841997,0.0016719052319345007,0.0022450597778669312,0.00609092149545587,0.0006014552170425791,-0.00043292892941182437,-0.008481763342322424,0.0040230650909416354,-4.5393636415091976e-05
2023-09-26 00:00:00+00:00,-0.023398395412178363,-0.012935079484419632,-0.01647031069533933,-0.03019687633986723,-0.01937289768376682,-0.015265689850693098,-0.01037898741601917,-0.017005739263922237,-0.014373665602359198,0.005297279638413199,-0.001803217376402766,-0.003464676580050785,-0.006998975853248823,-0.014734533990868215,-0.005498287819713843
2023-09-27 00:00:00+00:00,-0.008897542560124427,0.014976603006303435,-0.005148945697372231,-0.013537902828502757,0.01532226900834166,-0.005774946271743686,0.005865020159276035,0.002082446398257165,-0.017992476658709067,-0.00569951318585582,0.011641861449963375,-0.029117815718284312,-0.0003152352499135036,0.00022931406074522265,-0.006517489407876109
2023-09-28 00:00:00+00:00,0.0015256780781458534,0.011988876551845884,0.002875405982163848,0.005489448552339349,0.013559039214955604,0.010094704636311569,0.012415854473109444,0.002717547566174927,-0.007714512153999098,0.013519390147310517,-0.009126952345336892,0.013876490565388089,0.006285564908880215,0.005893173970516585,0.00326038039266896
2023-09-29 00:00:00+00:00,0.003046438304345589,-0.003645083354209988,0.0019371508214578448,0.019108247658629063,-0.0109590561467805,-0.005012290139278619,-0.01741316106323565,0.006727322759053189,0.008163235933916546,0.0017072784430760546,0.0030035993040438136,0.001766034055082466,0.0026446302540266142,-0.002709582086142026,0.004186741160432161
2023-10-02 00:00:00+00:00,0.01483549435896836,0.004573112279391722,-0.005336497481014724,-0.006249989538248957,0.025294166191887735,-0.01566899700529023,-0.008619460317577432,0.019160588828202707,-0.009446659942339286,-0.005326474454579788,-0.009582747767149513,-0.011899520006862452,-0.009376221334419288,7.936755559079245e-05,-0.009107457415515108
2023-10-03 00:00:00+00:00,-0.0077697691604521335,-0.009104647341377281,-0.02732348798380413,-0.010332437509176562,-0.01296862498212914,-0.03886973596533094,-0.007372884760621257,-0.026134078896590807,-0.0011677544013102281,-0.015315366811931352,-0.006853441247820502,-0.019625400880497468,-0.010060659349890533,-0.013744071674259506,-0.009230808230356824
2023-10-04 00:00:00+00:00,0.0073085882472776476,-0.0012250952214131194,0.017682976688287777,0.0027235440722688242,0.021218839860721816,0.008101573705697529,0.004484754965146331,0.017773383328802295,0.0019485071601574866,0.005279034827821327,-0.009742297642281628,-0.002274766596075062,-4.5708438224267844e-05,0.008109754957160709,-0.0006670482778006193
2023-10-05 00:00:00+00:00,0.007198066950218296,0.0015332324750829684,0.005922739251168485,0.010864656833751818,-0.0012570696026793504,0.006156805785344721,0.004216276321946433,0.0012539263520701116,0.0005834613189734661,-0.00422364249357754,0.01127280520837548,-0.0009119632888475726,0.00021724713337412105,-0.001304030159777203,0.0025064599882027583
2023-10-06 00:00:00+00:00,0.014750436317313431,0.015615315910733063,0.012431646815581399,0.011195722031089428,0.01858295103228369,0.006376864168814,0.015395536542943455,0.024737111626914166,-0.025267202588913684,0.013183422261015654,0.005674933915582603,0.017800009170046316,0.00884505445557826,0.011814893014644445,0.005048566620412753
2023-10-09 00:00:00+00:00,0.008451134326918908,-0.021103276756783917,-0.007157639274950278,-0.028786507587268084,0.006105509211965288,0.00041576039998103553,-0.002274456136988512,0.007822515401742836,0.010967047492561388,-0.002828650340571115,0.011084243259313897,-0.007174832812916088,-0.005488552018865223,0.00630385429964031,-0.0014163305307085539
2023-10-10 00:00:00+00:00,-0.003352107339410826,0.022174259223604942,-0.0025946534984541136,0.03875963304111729,-0.0026007046457510175,0.006909708349378985,0.006078647185613351,-0.004335592052371662,0.018737727286993522,0.011233427844230759,0.007175553058927475,0.014453454732203053,0.020085777109835945,0.005207990781392224,0.016581612626053843
2023-10-11 00:00:00+00:00,0.007904003009771454,0.005724715069424402,0.0011214205961080914,-0.040386245911424035,0.018035683579242567,-0.005559629006066991,0.0034329118029994277,0.012271878999104535,0.018005764400802482,0.006283635526399767,0.005541350164179892,0.01024049043653652,-0.004358885752117625,0.00429300817103373,0.003327613627557735
2023-10-12 00:00:00+00:00,0.005061167070972594,0.0014978059592378745,-0.010114013256902421,-0.007319383849600736,-0.01124164620049728,-0.010127034480644448,-0.002326316754932445,-0.003790378210930423,-0.016546262633284514,-0.007024903619649914,-0.005313955629752898,-0.004407258456433083,-0.0037413252347632264,-0.00624643434611849,-0.005302471800289865
2023-10-13 00:00:00+00:00,-0.010292617568596452,-0.014358364377390909,-0.013377002309270636,-0.02396305282053135,-0.01158530692538351,-0.0017751232567054798,0.015019490107083033,-0.010357448782361889,-0.003287510044005848,-0.017181481116674502,0.00929957868742215,-0.024789711782784662,-0.014216282154383086,-0.005018858888767519,-0.00723783193593619
2023-10-16 00:00:00+00:00,-0.0007270112907133974,-0.007587235661283831,0.012411320638798573,0.0014163859822193814,0.012667558224363606,0.016456490336457907,-0.0010134996763472293,0.014981822957955915,-0.0025223691562076267,-0.00365630464942146,-0.011370333836725033,0.019064919408276815,0.00266439307355415,0.01059436938392988,-0.0010338735128325727
2023-10-17 00:00:00+00:00,-0.008784717776524453,-0.001223222035310445,0.0010227548673704678,-0.006129163440749208,0.004457229587462086,-0.015999250731763337,-0.002164417766548632,-0.0017436408040787388,-0.00038897326304898616,0.0020642244519541997,0.0013880687724294738,0.004899750148837478,0.0010695030993059795,-9.824505308242415e-05,-0.006888652185170208
2023-10-18 00:00:00+00:00,-0.007394856507837333,-0.06460507529510273,-0.030514012984631966,-0.0028463584532162356,-0.01259668058269292,-0.023920322558377616,-0.010980795151387834,-0.0058725663382493964,-0.00505938653357485,-0.0026320860466462204,-0.012079234055606736,-0.023936180621538794,-0.009062969851827085,-0.013399820506516447,-0.012814763387659744
2023-10-19 00:00:00+00:00,-0.0021609776592275143,-0.009492595160154882,0.009437607015985172,0.009039048582851539,-0.0015222284830692656,-0.009173370619168786,-0.004249229602948379,0.0036655488240764367,-0.03432426975486058,-0.027538750254338273,-0.04409702645452085,-0.014078146781723588,-0.0064054234482433525,-0.008482848196321058,-0.021283427361521112
2023-10-20 00:00:00+00:00,-0.014704199720202205,-0.02379372845148031,-0.012337212102806583,-0.010372532426317416,-0.015607834732604298,0.0028743137554947396,-0.016105758762018585,-0.01403467581555351,-0.002734121847032811,0.000589961298501418,0.0023066305798833397,-0.027636956570070814,-0.015192064658215099,-0.012585283719027562,-0.009535668233294547
2023-10-23 00:00:00+00:00,0.0006940980287490905,0.011848299376130633,-0.00016270228333004066,0.008099187959945686,0.006637087280247256,-0.0027660599108489947,-0.013640948397448449,0.008112136250155944,-0.00792048684553015,-0.003537774048662512,-0.006066953118454621,0.006158159370629024,0.005024778971403077,-0.0016855698941634634,-0.0016117820893263302
2023-10-24 00:00:00+00:00,0.002543438137937226,-0.009367661820744888,-0.003806406951023078,0.020793936195889096,0.016922939344441668,-0.0001337243477977923,0.0012055316172827624,0.00367415467973653,0.0034800631911939828,0.007218991276728204,-0.0014733804756213997,-0.001883178457162682,0.006303171336536462,0.007265792222727274,0.004344753809256474
2023-10-25 00:00:00+00:00,-0.013491740029819566,0.006416730446034746,-0.006058383199714079,-0.009259305468912404,-0.09509392224280111,-0.008088784718084274,-0.00545432773819754,0.030678087566683,0.005202031702647769,0.008342089668906816,0.0014755545288549499,0.011320759257187119,0.003107196068619311,-0.014339628627712542,0.0023244251543852457
2023-10-26 00:00:00+00:00,-0.02460550139147799,0.00033554876530983435,-0.0026449661105361066,-0.02383175704053564,-0.0265106491775976,0.0007749719767426999,0.0025639116828624076,-0.03751438752791203,0.0033484505203087434,-0.008506172567332881,-0.0012629166644924084,-0.002798600086810543,-0.0037757917049232592,-0.011832519778109618,-0.0031957968000155823
2023-10-27 00:00:00+00:00,0.007969308984387524,0.005031869705499181,-0.01480893634318714,-0.00047863303601491936,-0.0008995555700109792,-0.023839123242960336,-0.03601862437151071,0.005855543749759162,-0.014360802138023487,-0.015630489017499305,0.0021075004052499846,-0.007951329709228516,-0.013584064743535684,-0.004800280229768528,-0.004242070020152533
2023-10-30 00:00:00+00:00,0.012305234885133132,-0.0010013353520766932,0.015115166914624334,0.003352409758224706,0.018744405191268854,0.03766677439913191,0.012749644998844678,0.02274036241162003,0.002462516857765218,0.01038680892278876,0.014931630398215434,0.002357441356518608,0.0043691363718081355,0.012010022325859904,0.0056646756806686405
2023-10-31 00:00:00+00:00,0.002818799586573606,0.01703976350289027,0.00849898081725775,0.020525110780772682,-0.003053169230096131,0.00924108117303657,0.011934288594843245,0.0023717878659077485,0.003684782276535792,-0.0010634548316525994,-0.030874396762678002,-0.0018815913493311909,0.008876111114648477,0.006474957307233353,0.0008639531920788812
2023-11-01 00:00:00+00:00,0.01873869627717406,0.0016425972633824504,0.006418744972335855,-0.0009354729713930698,0.019100496737920913,0.011692818774942548,-0.000862947510074541,0.023542630767360295,0.013461132621377825,0.007925268972313493,0.01646348101686468,0.02450522744960515,0.0068228825361509315,0.010505999486313922,0.010848595391891536
2023-11-02 00:00:00+00:00,0.020693180281425416,0.015086959522886634,0.04589347565159918,0.026217184086837486,0.008224644902064648,0.021487008817871578,0.01784935199986326,0.006501688902093239,0.01147109148606651,-0.006454633754788608,0.00189317965932001,0.009199696610550756,0.018472074920837578,0.01885855702012762,0.008386495218521528
2023-11-03 00:00:00+00:00,-0.005181041048431423,0.00549268919463719,0.020915600861547645,0.02600368819749721,0.012628520782233199,0.04417396059902301,0.011172404254289559,0.012861562346380362,-0.007660140116945158,-0.01559187232068171,-0.003779137875038585,0.0018230951981930144,-0.0018680810962821148,0.009393730253031363,-0.0011622516592926235
2023-11-06 00:00:00+00:00,0.014605144853323537,-0.0009640104838095631,-0.007219173494590336,-0.009337467573317104,0.008907675537334958,-0.011324042979102944,0.0075525413418304765,0.010572645837847006,0.0012030709345123292,0.010799158636401351,-0.0004215268744315326,-0.004549622458194014,-0.004791772902625002,0.0017529924220356374,-0.0002759936648838446
2023-11-07 00:00:00+00:00,0.014450782965027775,-0.0022515074184707995,-0.0070878623340313585,-0.005385967202888642,0.005527905588492921,0.0001234344159548595,-0.0004858923682802274,0.011219209266301933,-0.0025032677124766645,-0.0007122208604499747,-0.003162550216055826,0.018281664504177453,-0.003920880911666091,0.0028401189192852616,-0.0005407829969036326
2023-11-08 00:00:00+00:00,0.0058847281923473105,0.008704063534435535,0.009805885963794614,0.00857397222454881,0.006642685646858659,0.001883037916211805,0.004930283239054756,0.007405785789869723,-0.005520993717189948,0.008315479072687593,0.007402740049072376,0.003141773728357,0.0068606638938666364,0.0010049156221052513,0.0022731272405283054
2023-11-09 00:00:00+00:00,-0.0026243501284752835,0.037072512578722794,-0.004778964299033905,0.007158844507945572,-0.01213585361699443,-0.011646554139573495,-0.002971444338937035,-0.006910799428850645,0.008478902415771206,-0.006833107509199632,-0.00020993356797049945,-0.002684564936755174,0.011301988899039106,-0.008083839306732843,0.004712636463357622
2023-11-10 00:00:00+00:00,0.023219957149926973,-0.009553200805548667,0.020220277170229117,-0.05197692949520816,0.018043589122615167,0.014745408818778838,0.014831229474231655,0.024896692841109624,-0.005304856370861977,-0.005219485654067824,-0.005669930486452035,-0.012113060512927931,-0.009646246191169383,0.015616441094852496,-0.008420921299723827
2023-11-13 00:00:00+00:00,-0.008583674411839826,0.012134415132966536,-0.005338291351401292,-0.01968131664432804,-0.003771131714458642,0.004300799314399972,-0.0044387787708947135,-0.008088263426237807,-0.0048298831940642994,0.00906275251667088,0.008447738249329761,-0.006811992135690947,0.005964482713832986,-0.0008358389332403515,0.003319647416640592
2023-11-14 00:00:00+00:00,0.014285715469750437,0.02520754720594698,0.05427454486898187,0.05544935348754687,0.011583081333790934,0.036126288244457516,0.018246558254081613,0.009790577681061619,0.005055559299175227,-0.0007091160232624016,0.0035602346412089148,0.010059476575631443,0.013915518758432555,0.019075017703661823,0.011835336042710365
2023-11-15 00:00:00+00:00,0.003040948288189682,0.005697133184367598,0.01647681200362272,0.014492698249084057,0.007483895783654493,-0.0033066220019185577,0.008757768296247193,0.00040589190968898237,0.0020120992236192237,-0.011116306871931991,-0.006677816147645399,0.0226346560990367,0.0033301910069214458,0.0015970120755575135,-0.0007036420974275703
2023-11-16 00:00:00+00:00,0.009042151574390589,0.0017889091810199265,0.008549121261078652,-0.01830360057202063,0.017159500692220497,-0.0027547986748208686,0.011419805479457423,0.01758331166217597,-0.00973895472744446,-0.004663902248622898,-0.004831915911682638,-0.005312087300280988,-0.0057159765533754125,0.0011904273935798848,-0.006081337235744333
2023-11-17 00:00:00+00:00,-0.0001054430323026434,0.005357144098797617,0.002741635406973586,0.02410186545309778,-0.01183096489496549,0.00748517899537493,0.009045958806025434,-0.016800907194173154,0.003649957721063579,0.010452855291408936,0.0031665558454874176,0.02981748929572947,0.009138755482214433,0.0012820490603360213,0.008860206868759324
2023-11-20 00:00:00+00:00,0.009278269686315843,-0.004144426712037075,0.005663624358064556,0.010657275177918368,0.006947160745269132,0.0007665037757544901,0.003075457850442831,0.020521812571919762,-0.0070713962736940195,0.002140313565632601,-0.0018939763832508394,0.005618008491157234,0.0017998591702166333,0.007390278097329839,0.0002700301871738642
2023-11-21 00:00:00+00:00,-0.004230830895090021,0.00356706686447561,0.005160051467660187,-0.00659050809781403,0.005284361852316621,-0.013197859719645488,-0.0020875043672279325,-0.011578014860422425,0.014853984745686999,0.009373577866352178,0.001897570336654164,-0.013321907753649276,-0.0024120531100420006,-0.0020209310950652926,0.00390687937373535
2023-11-22 00:00:00+00:00,0.0035144670174946935,0.005924249330575115,0.0034500473963618994,0.006191939768232624,0.011097245634329234,0.01095620877262471,0.002353329519037217,0.012812637020493511,0.00551387768462952,0.010932133282338663,-0.004208724932586838,0.007404156284841923,0.004326717013215076,0.00406112922094648,0.0046520225878008414
2023-11-23 00:00:00+00:00,0.0,-0.0020612298904820747,0.0,-0.0017582093088334139,0.0,0.0,0.0,0.0,0.00039874603521794505,0.0029070235718271498,0.007396414828723996,0.0043234200138031476,0.0023689347157611618,0.0,0.0017752748353889736
2023-11-24 00:00:00+00:00,-0.007004317591832843,0.0070817365167981094,0.004070604318974658,-0.01276976125817364,-0.01299728220470342,0.0015058653929316268,0.0013695355622769245,-0.0011116534889425989,0.001395251121649288,0.006260882015773905,0.0014684352430325287,0.0034437961372015824,0.002043112333741659,0.0005968736678840791,0.0025709906687860773
2023-11-27 00:00:00+00:00,-0.0009476078404813126,-0.007031938183380992,0.0007944780602389123,-0.003568246556659882,-0.002048346299441506,-0.00424581022115933,-0.0022794714174207975,0.003126402393418104,-0.0025875591442090506,-0.009448091500840472,-0.007540860363526636,-0.012869935197053595,-0.003744730562183607,-0.001954157460090089,-0.00537339546747273
2023-11-28 00:00:00+00:00,0.0032140922279673134,-0.00029505320551526104,0.00832100425375737,-0.028648196281013005,0.0057911890810227185,-0.0001776321311918183,0.002284679278534041,0.010802784309987823,-0.008182037482494242,-0.0080261328373189,-0.004221228150250611,0.008257311387623423,-0.0021141521173376754,0.0009801185306033133,-0.005607555074040427
2023-11-29 00:00:00+00:00,-0.005409591579294881,0.0061982908297222306,0.014305834268102613,0.009216636310039439,-0.016107782421628247,0.016004777323686437,0.00508022361653282,-0.010060093889185051,-0.002716322064262089,-0.00515950588972891,0.0021195612266413644,0.0301723693199627,0.002415164167991035,-0.0009462486392383118,0.003949674682757642
2023-11-30 00:00:00+00:00,0.0030626910188320533,0.018187118084341147,0.005258940848642979,-0.0027397825109479745,-0.018223646331559262,0.0037618373239820535,0.011404845122986895,0.00015834217444221643,0.002219345528290617,0.0033004094836737163,-0.0014804807855132163,0.030543891697810688,0.005934509964877321,0.0037840728581564065,0.004761733005042679
2023-12-01 00:00:00+00:00,0.0067913542414979045,0.013540788844285334,0.006815523794960976,0.0068681307872708874,-0.005055382990275192,0.020173351822203145,0.004869324705762068,-0.011612296550371437,-0.004026223657842221,0.0030544450671405876,0.015039165721325798,0.007714199952776557,0.004839419475374029,0.005873742123607695,0.0030439528327215193
2023-12-04 00:00:00+00:00,-0.009464647870696452,-0.009096042771467916,0.00010577425638347293,0.005002306133462531,-0.019642046756978226,0.002755266771970133,0.007332345646349436,-0.014338679835657397,0.010308302497245458,0.008901410790859376,0.02796324319233312,-0.0012087032005970721,-0.0018458728414217918,-0.005408509126972105,0.005977580976793906
2023-12-05 00:00:00+00:00,0.02106326126114033,0.014916850662939574,-0.002815796897831846,0.009049819177518126,0.01330554461985356,-0.02186664406741634,-0.00012667425591483816,0.00915634953310529,-0.0035010377428889017,-0.012537754882793295,0.018879397310778145,-0.018152488980485493,0.007418987258829057,-0.0005688697261614362,0.0011293501849571896
2023-12-06 00:00:00+00:00,-0.005687020343752125,0.0022611282286975065,-0.008314392160130302,0.015695040246782588,-0.0074051566459275575,0.000643715460474592,-0.010508273391149348,-0.009985927957468221,-0.0022084291171985404,-0.0019985209790723824,-0.003984829972355386,0.015612141313042338,0.006633283440931281,-0.003906202808869552,0.0033571533220846383
2023-12-07 00:00:00+00:00,0.010139263049967706,0.0011280684356393955,0.0031893643556921702,-0.003532012697505249,0.0531456442536562,0.007749175591074575,0.0030707587861651398,0.00582969629052843,-0.007344094803008239,-0.007539162689099155,-0.0020004179750109374,-0.006067964054793706,-0.0010046025624423915,0.007968189065892917,-0.0030468701387109665
2023-12-08 00:00:00+00:00,0.007412357534945402,0.013239457320892045,-0.0009524910669551634,0.025697805300136878,-0.014167844937245877,0.01801977753164974,0.011033862767695801,0.00884209310791717,0.007195723027654921,0.005578604378280394,0.01543402296653773,0.01790807972590791,0.013196408557627493,0.00409549786994079,0.009451949341013233
2023-12-11 00:00:00+00:00,-0.012927268452734841,0.02780087757832206,0.010312459085164205,0.014686790917727288,-0.01259363753707854,0.0026509551488389516,0.003659004728242987,-0.007829461730962994,-0.003622491662324201,0.010151096099167312,0.003947860262874414,0.001199520693810907,0.0033189151891603874,0.003924494286698943,0.005291911121083848
2023-12-12 00:00:00+00:00,0.00792015150187697,-0.0016229378872633093,0.009143939398322143,0.0017029540083366435,-0.005776754716357524,0.0024163521111690844,0.008925133653606476,0.008295192049600164,-0.0008078010960446136,0.004089769388178288,-0.0023594640624489127,-0.0015974708761478107,-0.001056736938843339,0.00459935752021523,0.0018740970050508121
2023-12-13 00:00:00+00:00,0.016691423574234587,0.0013546643294548577,0.018622652451381505,0.014449604192695142,0.0003773354484433167,0.028700253983924062,0.0033639622634347166,-2.663715870521166e-05,-0.0051547114071816,0.009077143141676736,-0.004138764883865331,0.0004000263387953229,-0.0016344546218928224,0.013650676351045998,0.0033799378553827086
2023-12-14 00:00:00+00:00,0.0007577103977163269,0.013257560992260498,0.043572228908029365,0.04105571406056674,-0.004752356389690737,0.05717751824659789,0.018192066895759806,-0.02254457048117664,-0.007213187963534318,-0.013031961464308073,-0.026716758991052414,0.03758492943852865,0.005925982980093503,0.0026470624846992585,0.0018804368583429376
2023-12-15 00:00:00+00:00,-0.002725784923384822,0.008544693568641959,0.014706354815290812,-0.01891349368675288,0.005002399292049375,-0.007718953149422614,0.007561307726685174,0.01311730873127992,0.0039909226200192105,-0.00923109597457461,-0.006303347720421515,-0.011560698886210918,0.0027798937838363624,-7.62494933082003e-05,-0.0016111174947549545
2023-12-18 00:00:00+00:00,-0.00850329482905654,-0.008472300358259077,-0.027545698735524482,-0.017637387157043105,0.02413270687373248,-0.010801322384034973,0.006052308229083536,0.005178922879720105,-0.0003057551992836638,0.005543075986570667,0.0034785762148399346,-0.011695911800739034,-0.0036923291695997174,0.004528344366900416,-0.0032246425656133892
2023-12-19 00:00:00+00:00,0.005360177197904825,0.0032042730850001533,0.006202620121158908,-0.0062630466548802,0.006259204132192053,0.016073364820603064,0.013355013837439866,0.0016369386907997274,-0.015395563266027312,-0.007506445324051647,-0.004690032617775675,0.03353061336323626,0.0007676266569469625,0.005866407818910568,-0.0008399323537128245
2023-12-20 00:00:00+00:00,-0.01071390601350819,-0.0015970192566797659,-0.015161448745655837,-0.0004201767276050816,0.012367331760653855,-0.012890584750469225,-0.011279372951634281,-0.007072875410179202,0.00010351649362805304,-0.00023640319139628385,-0.002253637163570188,0.008396900202879198,0.0011565195574991805,-0.014684266911006771,-0.00013904045788204478
2023-12-21 00:00:00+00:00,-0.0007700404501187474,-0.005865034753281595,0.012505883763774595,-0.011769631128607072,0.01503540082902699,0.008079119895546327,0.005704071195453464,0.007878817031604202,0.0042452051090582366,-0.0036642269677896744,0.006160154086084946,-0.003785037890110421,-0.0015863894251865185,0.010301467821202559,-0.0011018758000648221
2023-12-22 00:00:00+00:00,-0.005547462391965685,-0.0008046619855791581,0.004154725753471089,-0.013611310301180013,0.007620072432682257,0.00021003776184747025,-0.0005971310845437339,0.002784051129544274,0.0021651638793032113,0.006524990094085359,-0.002857090594816092,0.0007599284948585083,-0.0003407663256832505,0.0016600585268868873,0.0018405615124921226
2023-12-26 00:00:00+00:00,-0.002840866386715102,0.0,0.0052216332578181035,0.0,0.0002120049276821412,0.002522048312431302,0.005913935242469748,0.00021363882374458854,0.0,0.0,0.0,0.0,0.0,0.0042316894655107795,0.0
2023-12-27 00:00:00+00:00,0.0005179350070907418,0.0010735724767494403,0.008232008829409443,0.006037142442149479,-0.008126141811502396,0.007520866459630016,0.005998016928383976,-0.0015747583952239186,-0.003703736721860751,-0.007543606488848997,-0.0024560446011870907,0.001138952673052751,0.00039636298256184865,0.0014304577464787638,-0.0035065955307368446
2023-12-28 00:00:00+00:00,0.0022262531019967557,-0.006702397335743848,0.0014263676142522996,-0.012001694208719105,-0.000997323072413292,0.0050197357026477984,0.005312981047373322,0.0032346260927926807,-0.0005163021152361225,-0.0019001892479806326,-0.005129270569169231,-0.016306366474046263,-0.004841592750463031,0.0003701746080437829,-0.005077448554203445
2023-12-29 00:00:00+00:00,-0.005424140523005105,0.0067476225833691394,-0.0032047941497006516,0.004338348628280642,-0.003850813746473558,-0.0016562753372416639,-0.0011744431555109625,0.002025128998951242,0.007438851460867424,0.009876321789795028,0.008455342170092361,0.006168032247494626,0.0010643462600590237,-0.0028264750133749628,0.0072566016696560265
2024-01-02 00:00:00+00:00,-0.035786626626190254,0.0,-0.014166055837391944,0.0,-0.010881273782151757,0.006558208677488464,0.011640309513052394,-0.013748480224559545,0.0,0.0,0.0,0.0,-0.0016333048147990636,-0.005660579005492328,0.0
2024-01-03 00:00:00+00:00,-0.007487637695727356,-0.031635327951775816,-0.020179842240595103,-0.03239740237706701,0.005428141310800161,-0.016765290893676843,-0.004358468658219761,-0.0007279956308678948,0.01835704792675341,0.044302993411215796,0.030061417840663074,-0.04406127243917479,-0.015801648438608873,-0.008016314922730805,0.002915275512343385
2024-01-04 00:00:00+00:00,-0.012700093770574683,0.009689942536913687,0.002295477047410399,0.00446430813232368,-0.01821197248598927,0.0030383412168957236,0.0066360805488541175,-0.007177624556500839,-0.005337365021901963,0.0136522103238359,0.009926505757402282,0.017234423739585836,0.005230808494278039,-0.0034283812973570083,0.004844144424377417
2024-01-05 00:00:00+00:00,-0.004012937724696353,-0.01343579217907298,-0.003969788339405422,-0.0035555594439170557,-0.004838961479417203,0.009113403016386412,0.005017217300513188,-0.0005163820366433924,-0.0014174293564358509,0.006344743238581474,-0.011991314010516008,0.0051221715651099675,-0.0040184443298300065,0.0018256861788026324,-0.0034273394552084557
2024-01-08 00:00:00+00:00,0.024174806740696386,0.008893904620226545,0.018343705394332277,0.008474611703112922,0.0229130767488277,0.006262322808507026,-0.0014511599500043326,0.01887161627143419,0.0016222300547610313,0.004313632093107644,0.0005968445402100286,0.0035280297618960343,0.003982148991815926,0.014114629309846638,0.003978222444864343
2024-01-09 00:00:00+00:00,-0.0022634134133142636,-0.0027548572836540997,-0.0033492172055035185,-0.0026537476982853025,0.015197416020614973,-0.013166720389556241,-0.007906053478669794,0.0029356884573508157,0.0003036505849340898,0.0037444523926910556,0.0031815881598733498,-0.008203128562714213,-0.0031703832956309075,-0.0014779006799081618,0.0016250533698900504
2024-01-10 00:00:00+00:00,0.005671494284120948,0.00414359366665451,-0.0027186827099418,-0.003991074658182825,0.00943590649632764,-0.004638585084845714,0.0021094750687069563,0.018574171061161104,-0.0055656892266578994,0.0044986599477598865,0.006541068442132536,0.0027569406304936983,-7.271666706776259e-05,0.00566597189372442,0.0005644774399151675
2024-01-11 00:00:00+00:00,-0.003222600553256738,-0.0019257048768633878,0.000315491083060504,-0.01647379202648791,-0.0014055903232084166,-0.005785881192620801,-0.004210069101606484,0.004859460512424141,-0.016179923571825516,-0.0025123701044992286,-0.012997184411765894,-0.0172819937443488,-0.005179039349547443,-0.0006710555783868699,-0.009007541786983597
2024-01-12 00:00:00+00:00,0.0017781028348380357,0.00937159303343682,0.008818960525840858,-0.0018107407770717732,0.004011689474434421,-0.005266623694769601,-0.007340006807260657,0.009983526989004954,0.010964012600466422,0.001204606005588582,0.007581782490647004,0.011590706731742673,0.010493233044143402,0.0007509755941104146,0.006525260200080485
2024-01-15 00:00:00+00:00,0.0,-0.005461568692166741,0.0,-0.0036281218661244896,0.0,0.0,0.0,0.0,-0.005320195408577089,0.006234232162483533,-0.006534655222623087,-0.0003951267851540763,-0.007161280291919314,0.0,-0.0016826965316305564
2024-01-16 00:00:00+00:00,-0.012317117456743909,-0.003020230379568223,-0.010280074599872568,-0.01684113876510407,-0.0011215342511349258,0.007147499178072225,-0.006270300218660485,0.004633578650815151,0.012034505890687441,0.008695688837211168,-0.0029898296125283608,0.001976337308136067,-0.0018457590528463408,-0.0037313402367431525,0.0019755169045587717
2024-01-17 00:00:00+00:00,-0.005173459877242936,-0.005783585670837255,-0.004991324645432504,-0.024074064028497322,-0.007158331918972083,-0.008595053889234316,-0.005357552852721548,-0.002049870055126801,-0.002134355680470157,0.00915951038154339,-0.011395473733947115,-0.0023667876053672376,-0.010720472910752954,-0.005616897183990499,-0.007221134896612469
2024-01-18 00:00:00+00:00,0.03257060660904987,0.014404472230254983,0.009943803720515954,0.10388993428458981,0.014207851281043293,-0.0007157641276830384,0.001975008012754298,0.01129736480959287,-0.0058056080519323094,-0.005659399835317713,-0.0052578319218907765,0.007512802121732776,0.01129439242703012,0.008805260963896,0.003347545686474218
2024-01-19 00:00:00+00:00,0.015533007132659149,-0.03659199985028638,0.012800777813121611,0.00042974671731510483,0.020211987809224397,0.014035229596425891,0.017261933579182376,0.012186805137790913,-0.0018440897568924308,0.007302410537628701,-0.007521785756492538,-0.01962329380783645,-0.004014127226181108,0.012313502764936146,-0.0031611595987931507
2024-01-22 00:00:00+00:00,0.012163321224276658,0.027777747119636986,-0.01417855141846125,0.010738851534380922,-0.002664307774781549,0.009837567468637953,-0.0011743796511123339,-0.00541792603641611,0.0006157783333833322,0.00639657301066987,0.0151577138169674,0.015212229666856203,0.005644586891048631,0.0021943252026270788,0.011195001073730726
2024-01-23 00:00:00+00:00,0.00665326933433108,-0.00882511809814468,-0.0018387099426842024,0.016999526533102216,0.007192185976295562,-0.013446890042532189,-0.006583838583545054,0.006027526081631374,-0.016309295722432893,-0.009533917315468932,-0.016343887778841215,-0.009463726546580786,-0.003400662454051906,0.002921374261968035,-0.01118278795055383
2024-01-24 00:00:00+00:00,-0.0034839626363134535,0.009460141285108747,-0.008592451293842118,0.014626033073633193,0.011289440506850879,-0.0035980096589504074,0.00893540527195058,0.009175232878870343,-0.006047956507481911,0.0003208844829407642,0.005743615153792181,0.0179140206677888,0.009149936559470495,0.0008119284117831249,0.0042658031003670605
2024-01-25 00:00:00+00:00,-0.0016965696517677875,0.008269128436910744,0.005994344298206666,-0.0032949607587726693,0.02131809340722879,0.008698114389279255,0.014310809236778965,0.005738226296430726,0.009231967935834584,-0.008339558526720636,-0.0128492676504105,0.005475143013393469,0.0011481319426338565,0.005260365527706368,0.0010895252767770813
2024-01-26 00:00:00+00:00,-0.009012843001522164,0.004920616131905531,-0.003997722689721539,0.061983524961104264,0.0021070935323912465,-0.01282998620491016,-0.0038163100138430828,-0.0023217713641427995,0.023804641782726454,-0.0031267382207259553,0.022520619313583623,0.00350058503346129,0.022767334337170153,-0.0006517852510764532,0.016157555177558347
2024-01-29 00:00:00+00:00,-0.003585914406581625,0.005168751320099307,0.0017781839349735318,0.001945504595041836,0.008673283957605804,0.007332145447833449,0.002611936296514017,0.01433413410116291,0.00913798494030904,0.004867064980702995,-0.002828802627260041,-0.005038787338792927,0.0008736965467688318,0.007556774896180896,0.0034854910102830594
2024-01-30 00:00:00+00:00,-0.01924576336449879,0.009742897687455399,-0.008837292657529305,0.01320385251150702,-0.013354084830763613,0.016580751878150668,0.020494512997207837,-0.002757863618420453,-0.0036221270271229455,-0.0034442756937181906,-0.0002026811358799563,0.012855479538278924,0.004797941051913446,-0.0006006499345398986,0.0011636047602276989
2024-01-31 00:00:00+00:00,-0.019357564017277173,-0.016617601568301943,-0.009491772317740232,-0.011115359981374695,-0.07500329493367963,-0.007392642554762463,-0.010835626137776888,-0.02694635331500639,-0.004746008255698153,-0.03445295807142024,0.0016214557027462995,-0.0003845652590114268,-0.0026988336345075137,-0.016105744611597972,-0.009590907481076827
2024-02-01 00:00:00+00:00,0.013340638387049353,0.016625770315436217,0.013715392888532518,-0.003875927918931099,0.00756607087193184,-0.00041663646241296703,-0.0036132666570132255,0.015594323014115785,-0.0021306741547978403,0.012751673930044838,-0.05503844779519751,-0.03347442755603458,-0.008881052665948297,0.012493688211609788,-0.010541403164618157
2024-02-02 00:00:00+00:00,-0.00540518652655908,0.012600557099458287,0.003911251896109524,0.0007782261537847557,0.008642627629274147,0.010446749306457725,0.005756037395205915,0.01842589457186583,0.002236866608596344,-0.008173160700035487,0.0025695752220942225,0.026273896979423617,0.0004624958820622638,0.01068444607751462,0.002297996942274283
2024-02-05 00:00:00+00:00,0.009846608925036193,-0.012443758806090277,-0.006129454502065812,0.0,0.009130349395270798,-0.012478711380772722,-0.0013163598477988758,-0.01354508595345949,0.015116198594048003,0.006236053398036345,-0.01537807233733024,-0.0031031567292409967,-0.00030291438366114587,-0.0031863375266721894,0.0030952874129670516
2024-02-06 00:00:00+00:00,0.008631716242295306,0.006970580918628455,0.006141689206705658,0.0007775602466446596,0.002923361801129065,0.005143379864576136,0.003438454363065002,-0.0003944754675214712,-0.0066959808054638525,-0.002988053829649173,0.00021696994542241832,-0.04435807106013023,0.006457248016917827,0.0023104108269635937,-0.0026111607764257583
2024-02-07 00:00:00+00:00,0.0005811118736642751,0.00878589247889705,0.008528122522758474,0.0034964542614353,0.00999298119869918,0.004337694510358814,0.0018845720043156877,0.021110382302605757,-0.007646650967084168,0.007104089805353819,-0.010193031722989465,-0.026872897877331936,-0.0036275110963129853,0.008241457963390042,-0.003092946180825895
2024-02-08 00:00:00+00:00,-0.00575469616976787,0.003958880587282776,-0.0018875291772010305,0.03329464205303667,0.002542316767477182,-0.004189693827777008,-0.0035910516854938956,0.00014480678336048491,-0.002940316933482845,-0.030419957154547483,-0.014461002877172335,0.010041763306019913,0.007143379527401406,0.0005705832608251526,-0.0063692059164603965
2024-02-09 00:00:00+00:00,0.004093993989793043,0.002628744074296474,0.005055525642645886,0.005994761388431025,0.021177432362915027,-0.0020256694657044827,0.0012013312711842694,0.01555143427246275,-0.029794518490452115,0.0038649115810025503,0.0,0.0057995600709301875,-0.0023624755640569983,0.0057423415255595245,-0.004243663655375651
